row_id,label
phase1_NCT01288573,1
phase1_NCT01558674,1
phase1_NCT01575782,0
phase1_NCT01609816,1
phase1_NCT01657760,1
phase1_NCT01746784,1
phase1_NCT01799161,0
phase1_NCT01803399,1
phase1_NCT01812616,1
phase1_NCT01836289,1
phase1_NCT01838200,1
phase1_NCT01849276,0
phase1_NCT01852890,0
phase1_NCT01889420,1
phase1_NCT01902225,1
phase1_NCT01904643,0
phase1_NCT01933594,1
phase1_NCT01940133,1
phase1_NCT01949532,0
phase1_NCT01953809,1
phase1_NCT01954732,1
phase1_NCT01965600,1
phase1_NCT01966731,1
phase1_NCT01972711,1
phase1_NCT01975688,1
phase1_NCT01980667,1
phase1_NCT01981499,1
phase1_NCT01982435,1
phase1_NCT01986751,1
phase1_NCT01988493,1
phase1_NCT01992952,1
phase1_NCT02000700,1
phase1_NCT02009488,1
phase1_NCT02013128,1
phase1_NCT02013362,1
phase1_NCT02018523,0
phase1_NCT02023424,1
phase1_NCT02030483,1
phase1_NCT02034071,1
phase1_NCT02034292,1
phase1_NCT02037165,1
phase1_NCT02037230,1
phase1_NCT02040870,1
phase1_NCT02041481,0
phase1_NCT02043860,0
phase1_NCT02044796,1
phase1_NCT02047149,0
phase1_NCT02049385,1
phase1_NCT02050815,1
phase1_NCT02052739,1
phase1_NCT02054442,0
phase1_NCT02055690,0
phase1_NCT02055924,0
phase1_NCT02056756,1
phase1_NCT02057770,0
phase1_NCT02058407,1
phase1_NCT02059967,0
phase1_NCT02060253,1
phase1_NCT02061449,0
phase1_NCT02064608,1
phase1_NCT02065466,0
phase1_NCT02069119,1
phase1_NCT02070406,1
phase1_NCT02071537,1
phase1_NCT02073123,1
phase1_NCT02074839,1
phase1_NCT02074878,0
phase1_NCT02077881,0
phase1_NCT02078089,1
phase1_NCT02078310,1
phase1_NCT02078648,1
phase1_NCT02078960,1
phase1_NCT02079844,1
phase1_NCT02079870,1
phase1_NCT02080195,1
phase1_NCT02080416,0
phase1_NCT02083536,1
phase1_NCT02083926,1
phase1_NCT02086513,1
phase1_NCT02092363,0
phase1_NCT02096042,1
phase1_NCT02096601,1
phase1_NCT02098629,0
phase1_NCT02100657,1
phase1_NCT02100852,1
phase1_NCT02103335,1
phase1_NCT02106897,1
phase1_NCT02109224,1
phase1_NCT02109341,1
phase1_NCT02109627,0
phase1_NCT02110992,1
phase1_NCT02111551,1
phase1_NCT02112799,1
phase1_NCT02116010,1
phase1_NCT02116959,0
phase1_NCT02120339,0
phase1_NCT02120911,0
phase1_NCT02121483,1
phase1_NCT02121756,1
phase1_NCT02121860,1
phase1_NCT02123823,0
phase1_NCT02128217,1
phase1_NCT02129439,1
phase1_NCT02131298,1
phase1_NCT02133742,1
phase1_NCT02134314,1
phase1_NCT02134886,0
phase1_NCT02135640,1
phase1_NCT02136342,1
phase1_NCT02137642,1
phase1_NCT02138383,1
phase1_NCT02138526,1
phase1_NCT02141477,1
phase1_NCT02141828,1
phase1_NCT02142777,1
phase1_NCT02142803,1
phase1_NCT02145559,1
phase1_NCT02146222,0
phase1_NCT02153437,0
phase1_NCT02153905,0
phase1_NCT02154646,1
phase1_NCT02154776,1
phase1_NCT02155088,1
phase1_NCT02155465,0
phase1_NCT02155582,1
phase1_NCT02156466,1
phase1_NCT02158091,0
phase1_NCT02159248,0
phase1_NCT02160015,0
phase1_NCT02164240,1
phase1_NCT02166229,1
phase1_NCT02168270,1
phase1_NCT02168907,1
phase1_NCT02174822,1
phase1_NCT02176486,1
phase1_NCT02181660,1
phase1_NCT02183675,1
phase1_NCT02186834,1
phase1_NCT02187094,1
phase1_NCT02188264,1
phase1_NCT02189109,1
phase1_NCT02189343,1
phase1_NCT02192697,1
phase1_NCT02193490,1
phase1_NCT02194374,0
phase1_NCT02195869,1
phase1_NCT02195973,1
phase1_NCT02199223,0
phase1_NCT02200848,1
phase1_NCT02202993,0
phase1_NCT02205398,1
phase1_NCT02205554,1
phase1_NCT02206100,1
phase1_NCT02209506,1
phase1_NCT02210182,1
phase1_NCT02210663,1
phase1_NCT02212067,1
phase1_NCT02212561,1
phase1_NCT02214147,1
phase1_NCT02219516,1
phase1_NCT02219737,0
phase1_NCT02219789,1
phase1_NCT02221765,1
phase1_NCT02222441,1
phase1_NCT02224599,1
phase1_NCT02225574,1
phase1_NCT02227329,1
phase1_NCT02229981,1
phase1_NCT02231658,1
phase1_NCT02232152,1
phase1_NCT02238717,1
phase1_NCT02240212,1
phase1_NCT02240355,1
phase1_NCT02242032,1
phase1_NCT02242045,1
phase1_NCT02243436,1
phase1_NCT02244502,0
phase1_NCT02245204,0
phase1_NCT02249871,1
phase1_NCT02250118,1
phase1_NCT02250300,1
phase1_NCT02253212,1
phase1_NCT02253277,1
phase1_NCT02254161,1
phase1_NCT02255162,1
phase1_NCT02255461,1
phase1_NCT02257177,1
phase1_NCT02260492,1
phase1_NCT02262689,1
phase1_NCT02265367,1
phase1_NCT02267655,1
phase1_NCT02267707,0
phase1_NCT02268851,1
phase1_NCT02269085,0
phase1_NCT02269566,1
phase1_NCT02275039,1
phase1_NCT02275065,1
phase1_NCT02275286,0
phase1_NCT02275416,0
phase1_NCT02277197,0
phase1_NCT02283372,0
phase1_NCT02288208,1
phase1_NCT02288507,0
phase1_NCT02289222,1
phase1_NCT02289495,1
phase1_NCT02290340,1
phase1_NCT02291133,0
phase1_NCT02292173,1
phase1_NCT02292550,1
phase1_NCT02296242,0
phase1_NCT02297594,1
phase1_NCT02299505,1
phase1_NCT02299518,1
phase1_NCT02300298,1
phase1_NCT02300610,0
phase1_NCT02300727,1
phase1_NCT02301104,1
phase1_NCT02303912,1
phase1_NCT02305563,0
phase1_NCT02306291,1
phase1_NCT02309580,1
phase1_NCT02312102,1
phase1_NCT02312661,1
phase1_NCT02314299,1
phase1_NCT02315703,1
phase1_NCT02316028,1
phase1_NCT02317471,1
phase1_NCT02323906,1
phase1_NCT02324673,1
phase1_NCT02325401,1
phase1_NCT02329847,1
phase1_NCT02332798,1
phase1_NCT02336048,1
phase1_NCT02337543,1
phase1_NCT02339168,1
phase1_NCT02339207,1
phase1_NCT02339324,0
phase1_NCT02344810,0
phase1_NCT02349009,1
phase1_NCT02350725,1
phase1_NCT02354131,0
phase1_NCT02354690,1
phase1_NCT02354937,1
phase1_NCT02356289,1
phase1_NCT02359058,1
phase1_NCT02360657,1
phase1_NCT02363855,1
phase1_NCT02365532,1
phase1_NCT02367183,1
phase1_NCT02369523,1
phase1_NCT02370680,1
phase1_NCT02370888,1
phase1_NCT02372240,1
phase1_NCT02373072,1
phase1_NCT02374047,1
phase1_NCT02377895,1
phase1_NCT02379195,1
phase1_NCT02379247,1
phase1_NCT02379910,1
phase1_NCT02381080,1
phase1_NCT02382406,1
phase1_NCT02382666,1
phase1_NCT02383511,1
phase1_NCT02384746,1
phase1_NCT02385669,0
phase1_NCT02388464,0
phase1_NCT02389842,1
phase1_NCT02392039,0
phase1_NCT02393209,1
phase1_NCT02393755,1
phase1_NCT02398058,1
phase1_NCT02401737,1
phase1_NCT02403271,1
phase1_NCT02403648,1
phase1_NCT02403713,1
phase1_NCT02406521,1
phase1_NCT02407080,1
phase1_NCT02411565,1
phase1_NCT02411825,1
phase1_NCT02414503,1
phase1_NCT02414932,1
phase1_NCT02418624,1
phase1_NCT02422199,0
phase1_NCT02422381,0
phase1_NCT02425306,0
phase1_NCT02429089,0
phase1_NCT02429804,1
phase1_NCT02432261,1
phase1_NCT02435342,1
phase1_NCT02438215,1
phase1_NCT02439190,1
phase1_NCT02439216,1
phase1_NCT02442531,1
phase1_NCT02442739,1
phase1_NCT02442960,1
phase1_NCT02446964,0
phase1_NCT02450201,0
phase1_NCT02457286,1
phase1_NCT02459886,1
phase1_NCT02459938,1
phase1_NCT02465983,1
phase1_NCT02467946,0
phase1_NCT02468661,1
phase1_NCT02472795,1
phase1_NCT02473367,1
phase1_NCT02476058,1
phase1_NCT02477215,1
phase1_NCT02478125,1
phase1_NCT02481180,1
phase1_NCT02482441,1
phase1_NCT02483104,1
phase1_NCT02483871,1
phase1_NCT02485249,1
phase1_NCT02487459,0
phase1_NCT02493751,1
phase1_NCT02495233,1
phase1_NCT02497378,1
phase1_NCT02499770,1
phase1_NCT02499874,1
phase1_NCT02500979,1
phase1_NCT02504554,0
phase1_NCT02508246,1
phase1_NCT02508870,1
phase1_NCT02510534,1
phase1_NCT02510950,1
phase1_NCT02514447,1
phase1_NCT02515669,1
phase1_NCT02519452,1
phase1_NCT02528396,1
phase1_NCT02529072,1
phase1_NCT02530476,1
phase1_NCT02532114,1
phase1_NCT02532764,1
phase1_NCT02535104,1
phase1_NCT02538367,1
phase1_NCT02538510,1
phase1_NCT02543918,1
phase1_NCT02543931,1
phase1_NCT02548468,0
phase1_NCT02548585,1
phase1_NCT02548806,1
phase1_NCT02550678,1
phase1_NCT02550743,1
phase1_NCT02555007,1
phase1_NCT02555709,1
phase1_NCT02557854,1
phase1_NCT02561273,0
phase1_NCT02562313,1
phase1_NCT02562326,1
phase1_NCT02565628,1
phase1_NCT02568280,1
phase1_NCT02568683,1
phase1_NCT02572167,1
phase1_NCT02572687,0
phase1_NCT02580695,1
phase1_NCT02581501,1
phase1_NCT02582840,1
phase1_NCT02583373,1
phase1_NCT02587741,1
phase1_NCT02589145,1
phase1_NCT02593760,1
phase1_NCT02595437,1
phase1_NCT02596399,1
phase1_NCT02597400,1
phase1_NCT02603861,1
phase1_NCT02603952,1
phase1_NCT02604719,1
phase1_NCT02608437,1
phase1_NCT02610075,1
phase1_NCT02611908,1
phase1_NCT02612246,1
phase1_NCT02613221,1
phase1_NCT02614456,1
phase1_NCT02614586,1
phase1_NCT02618187,1
phase1_NCT02620423,0
phase1_NCT02622074,1
phase1_NCT02622932,1
phase1_NCT02624089,0
phase1_NCT02630004,0
phase1_NCT02630368,1
phase1_NCT02630823,0
phase1_NCT02630927,1
phase1_NCT02631577,1
phase1_NCT02631928,1
phase1_NCT02635074,1
phase1_NCT02636426,1
phase1_NCT02639052,1
phase1_NCT02639117,1
phase1_NCT02639767,0
phase1_NCT02642614,1
phase1_NCT02642965,0
phase1_NCT02647086,1
phase1_NCT02647281,1
phase1_NCT02648672,1
phase1_NCT02649686,0
phase1_NCT02650752,0
phase1_NCT02650973,1
phase1_NCT02652416,1
phase1_NCT02655458,0
phase1_NCT02655952,1
phase1_NCT02658084,0
phase1_NCT02661815,0
phase1_NCT02662712,1
phase1_NCT02670941,1
phase1_NCT02674321,1
phase1_NCT02676323,1
phase1_NCT02678923,1
phase1_NCT02680951,1
phase1_NCT02683148,0
phase1_NCT02687009,0
phase1_NCT02691871,0
phase1_NCT02697383,0
phase1_NCT02697851,1
phase1_NCT02704494,1
phase1_NCT02704702,1
phase1_NCT02708680,1
phase1_NCT02709850,1
phase1_NCT02710630,1
phase1_NCT02711462,1
phase1_NCT02713477,1
phase1_NCT02716012,1
phase1_NCT02716805,1
phase1_NCT02718495,1
phase1_NCT02721459,1
phase1_NCT02723006,1
phase1_NCT02727283,1
phase1_NCT02727777,1
phase1_NCT02728700,1
phase1_NCT02729194,1
phase1_NCT02732119,1
phase1_NCT02734160,1
phase1_NCT02737722,1
phase1_NCT02737787,1
phase1_NCT02739009,1
phase1_NCT02739906,1
phase1_NCT02740712,1
phase1_NCT02743546,1
phase1_NCT02743780,1
phase1_NCT02744456,1
phase1_NCT02751385,1
phase1_NCT02757521,1
phase1_NCT02759107,1
phase1_NCT02760758,1
phase1_NCT02762474,1
phase1_NCT02762617,1
phase1_NCT02770521,1
phase1_NCT02773381,1
phase1_NCT02773459,1
phase1_NCT02775812,0
phase1_NCT02777827,1
phase1_NCT02780804,1
phase1_NCT02782182,0
phase1_NCT02782403,1
phase1_NCT02783599,1
phase1_NCT02800811,1
phase1_NCT02800889,1
phase1_NCT02801487,0
phase1_NCT02802748,0
phase1_NCT02806817,1
phase1_NCT02809183,1
phase1_NCT02812693,1
phase1_NCT02815488,1
phase1_NCT02815540,0
phase1_NCT02818348,1
phase1_NCT02819804,1
phase1_NCT02820896,1
phase1_NCT02824055,1
phase1_NCT02824536,1
phase1_NCT02826798,1
phase1_NCT02830542,1
phase1_NCT02834247,1
phase1_NCT02835833,1
phase1_NCT02840279,1
phase1_NCT02845050,1
phase1_NCT02848313,1
phase1_NCT02856750,0
phase1_NCT02858401,1
phase1_NCT02862145,0
phase1_NCT02864264,1
phase1_NCT02865538,1
phase1_NCT02875678,1
phase1_NCT02882217,1
phase1_NCT02886559,1
phase1_NCT02888665,1
phase1_NCT02891616,1
phase1_NCT02898116,0
phase1_NCT02903069,1
phase1_NCT02907567,1
phase1_NCT02909452,1
phase1_NCT02911467,0
phase1_NCT02911597,1
phase1_NCT02912234,1
phase1_NCT02914327,1
phase1_NCT02914353,1
phase1_NCT02915250,1
phase1_NCT02915523,1
phase1_NCT02915666,1
phase1_NCT02920424,1
phase1_NCT02920450,1
phase1_NCT02929498,0
phase1_NCT02935647,1
phase1_NCT02935725,1
phase1_NCT02936206,1
phase1_NCT02938273,1
phase1_NCT02940002,1
phase1_NCT02941523,1
phase1_NCT02945020,1
phase1_NCT02950259,1
phase1_NCT02955810,0
phase1_NCT02956538,1
phase1_NCT02957630,1
phase1_NCT02958982,1
phase1_NCT02959619,1
phase1_NCT02963051,1
phase1_NCT02963376,1
phase1_NCT02963610,1
phase1_NCT02964377,1
phase1_NCT02966730,1
phase1_NCT02967731,1
phase1_NCT02968680,0
phase1_NCT02970032,0
phase1_NCT02973399,1
phase1_NCT02975557,1
phase1_NCT02985554,1
phase1_NCT02989870,1
phase1_NCT02993471,1
phase1_NCT02994953,1
phase1_NCT03004846,1
phase1_NCT03010358,1
phase1_NCT03014219,1
phase1_NCT03023423,1
phase1_NCT03023527,1
phase1_NCT03025009,1
phase1_NCT03026166,1
phase1_NCT03031691,1
phase1_NCT03043599,1
phase1_NCT03043989,0
phase1_NCT03047096,1
phase1_NCT03051646,1
phase1_NCT03054207,1
phase1_NCT03055845,1
phase1_NCT03056456,1
phase1_NCT03057509,0
phase1_NCT03058562,1
phase1_NCT03059693,1
phase1_NCT03066947,1
phase1_NCT03071081,1
phase1_NCT03092076,1
phase1_NCT03102190,1
phase1_NCT03106610,1
phase1_NCT03113071,0
phase1_NCT03113812,1
phase1_NCT03116971,0
phase1_NCT03121716,1
phase1_NCT03122678,0
phase1_NCT03126097,1
phase1_NCT03131206,0
phase1_NCT03132584,0
phase1_NCT03135028,1
phase1_NCT03135860,1
phase1_NCT03135899,1
phase1_NCT03136627,1
phase1_NCT03139981,1
phase1_NCT03140072,1
phase1_NCT03145948,1
phase1_NCT03160001,1
phase1_NCT03179332,1
phase1_NCT03179501,1
phase1_NCT03179956,0
phase1_NCT03192709,1
phase1_NCT03198559,1
phase1_NCT03208712,1
phase1_NCT03227471,1
phase1_NCT03248713,1
phase1_NCT03249194,1
phase1_NCT03249740,1
phase1_NCT03253289,0
phase1_NCT03259516,1
phase1_NCT03263533,1
phase1_NCT03270332,1
phase1_NCT03272009,1
phase1_NCT03277209,1
phase1_NCT03295084,1
phase1_NCT03303911,1
phase1_NCT03309358,1
phase1_NCT03310645,1
phase1_NCT03311009,1
phase1_NCT03312777,1
phase1_NCT03339453,1
phase1_NCT03343652,0
phase1_NCT03349346,1
phase1_NCT03369964,1
phase1_NCT03372603,1
phase1_NCT03382886,1
phase1_NCT03383692,1
phase1_NCT03391050,1
phase1_NCT03399435,1
phase1_NCT03411421,1
phase1_NCT03417830,1
phase1_NCT03422874,1
phase1_NCT03431610,1
phase1_NCT03445013,1
phase1_NCT03464864,1
phase1_NCT03479411,1
phase1_NCT03481920,1
phase1_NCT03492385,1
phase1_NCT03500783,1
phase1_NCT03506802,1
phase1_NCT03508687,1
phase1_NCT03511222,1
phase1_NCT03514836,1
phase1_NCT03531060,1
phase1_NCT03558750,1
phase1_NCT03572478,1
phase1_NCT03576508,1
phase1_NCT03590860,1
phase1_NCT03591146,1
phase1_NCT03600623,1
phase1_NCT03601819,1
phase1_NCT03605212,1
phase1_NCT03606707,1
phase1_NCT03652233,0
phase1_NCT03672851,0
phase1_NCT03687125,0
phase1_NCT03888534,0
phase1_NCT04042051,0
phase2_NCT01132482,1
phase2_NCT01288573,0
phase2_NCT01450826,0
phase2_NCT01562197,0
phase2_NCT01610869,0
phase2_NCT01641107,0
phase2_NCT01717053,0
phase2_NCT01757327,0
phase2_NCT01781975,1
phase2_NCT01788280,0
phase2_NCT01806571,0
phase2_NCT01812616,1
phase2_NCT01825122,1
phase2_NCT01827358,1
phase2_NCT01836289,1
phase2_NCT01858662,0
phase2_NCT01883362,0
phase2_NCT01900730,0
phase2_NCT01920555,1
phase2_NCT01923168,1
phase2_NCT01925261,1
phase2_NCT01928927,1
phase2_NCT01930864,1
phase2_NCT01933594,1
phase2_NCT01934192,1
phase2_NCT01936844,1
phase2_NCT01937117,0
phase2_NCT01940146,1
phase2_NCT01943630,1
phase2_NCT01945866,1
phase2_NCT01949116,1
phase2_NCT01950299,0
phase2_NCT01953406,0
phase2_NCT01955707,1
phase2_NCT01962896,0
phase2_NCT01966731,1
phase2_NCT01972217,0
phase2_NCT01972347,0
phase2_NCT01975662,1
phase2_NCT01975935,1
phase2_NCT01977820,1
phase2_NCT01978236,0
phase2_NCT01982292,1
phase2_NCT01982435,1
phase2_NCT01984242,1
phase2_NCT01986751,1
phase2_NCT01987453,1
phase2_NCT01988493,0
phase2_NCT01991210,0
phase2_NCT01992952,0
phase2_NCT01998399,1
phase2_NCT02001688,1
phase2_NCT02002052,0
phase2_NCT02006472,1
phase2_NCT02006628,1
phase2_NCT02008006,0
phase2_NCT02008318,1
phase2_NCT02008773,1
phase2_NCT02011451,0
phase2_NCT02013128,1
phase2_NCT02013362,1
phase2_NCT02013375,0
phase2_NCT02014376,1
phase2_NCT02016898,1
phase2_NCT02017964,0
phase2_NCT02021292,1
phase2_NCT02021370,1
phase2_NCT02021669,1
phase2_NCT02023697,1
phase2_NCT02024932,1
phase2_NCT02025985,0
phase2_NCT02029638,1
phase2_NCT02030535,1
phase2_NCT02030574,0
phase2_NCT02030925,1
phase2_NCT02031081,1
phase2_NCT02031276,1
phase2_NCT02031458,0
phase2_NCT02031536,0
phase2_NCT02033278,1
phase2_NCT02033993,0
phase2_NCT02034071,1
phase2_NCT02035124,0
phase2_NCT02036476,0
phase2_NCT02037230,0
phase2_NCT02038179,1
phase2_NCT02038647,0
phase2_NCT02038816,1
phase2_NCT02039947,0
phase2_NCT02040623,1
phase2_NCT02040857,0
phase2_NCT02040870,1
phase2_NCT02041260,0
phase2_NCT02042534,1
phase2_NCT02042950,0
phase2_NCT02044146,1
phase2_NCT02044510,1
phase2_NCT02044796,0
phase2_NCT02044874,1
phase2_NCT02045017,1
phase2_NCT02045277,1
phase2_NCT02047110,1
phase2_NCT02047214,0
phase2_NCT02047253,0
phase2_NCT02047552,1
phase2_NCT02047747,0
phase2_NCT02048618,1
phase2_NCT02048644,1
phase2_NCT02048865,0
phase2_NCT02049385,1
phase2_NCT02049450,1
phase2_NCT02049957,0
phase2_NCT02052739,1
phase2_NCT02052960,0
phase2_NCT02053272,1
phase2_NCT02054052,0
phase2_NCT02054442,0
phase2_NCT02055170,1
phase2_NCT02055690,0
phase2_NCT02055976,1
phase2_NCT02056756,0
phase2_NCT02057172,1
phase2_NCT02057380,1
phase2_NCT02057575,1
phase2_NCT02057939,0
phase2_NCT02058706,0
phase2_NCT02059213,0
phase2_NCT02059642,1
phase2_NCT02060370,0
phase2_NCT02061007,0
phase2_NCT02061631,1
phase2_NCT02062359,0
phase2_NCT02062632,0
phase2_NCT02063139,1
phase2_NCT02063295,1
phase2_NCT02063854,1
phase2_NCT02063997,1
phase2_NCT02064920,1
phase2_NCT02065349,1
phase2_NCT02065466,0
phase2_NCT02066389,1
phase2_NCT02066415,1
phase2_NCT02067104,1
phase2_NCT02067793,1
phase2_NCT02068027,1
phase2_NCT02068352,1
phase2_NCT02068599,1
phase2_NCT02069093,0
phase2_NCT02070120,1
phase2_NCT02070744,1
phase2_NCT02070991,1
phase2_NCT02071225,0
phase2_NCT02072161,1
phase2_NCT02073123,0
phase2_NCT02073487,0
phase2_NCT02075203,1
phase2_NCT02075463,1
phase2_NCT02075541,1
phase2_NCT02076178,1
phase2_NCT02077374,1
phase2_NCT02077634,0
phase2_NCT02077881,0
phase2_NCT02078310,1
phase2_NCT02078648,0
phase2_NCT02078960,0
phase2_NCT02079909,1
phase2_NCT02080195,1
phase2_NCT02080260,0
phase2_NCT02083185,1
phase2_NCT02083653,1
phase2_NCT02085460,0
phase2_NCT02086175,0
phase2_NCT02086591,0
phase2_NCT02086786,1
phase2_NCT02087943,1
phase2_NCT02088541,1
phase2_NCT02089802,1
phase2_NCT02091362,1
phase2_NCT02091531,0
phase2_NCT02091752,1
phase2_NCT02092350,1
phase2_NCT02092935,1
phase2_NCT02093962,0
phase2_NCT02094261,0
phase2_NCT02094365,1
phase2_NCT02094443,1
phase2_NCT02094573,0
phase2_NCT02094651,1
phase2_NCT02094794,0
phase2_NCT02095782,0
phase2_NCT02095899,1
phase2_NCT02096042,0
phase2_NCT02096133,1
phase2_NCT02096354,0
phase2_NCT02096601,1
phase2_NCT02097303,0
phase2_NCT02098473,1
phase2_NCT02098629,1
phase2_NCT02098993,1
phase2_NCT02100423,0
phase2_NCT02100748,1
phase2_NCT02101775,0
phase2_NCT02102490,0
phase2_NCT02102698,1
phase2_NCT02103062,0
phase2_NCT02103959,1
phase2_NCT02104583,1
phase2_NCT02104661,1
phase2_NCT02104700,0
phase2_NCT02105012,1
phase2_NCT02105454,1
phase2_NCT02106650,0
phase2_NCT02106884,0
phase2_NCT02106975,1
phase2_NCT02108652,0
phase2_NCT02109016,0
phase2_NCT02109341,0
phase2_NCT02109445,0
phase2_NCT02110303,1
phase2_NCT02110706,1
phase2_NCT02111096,1
phase2_NCT02111863,0
phase2_NCT02112045,1
phase2_NCT02112552,0
phase2_NCT02113007,0
phase2_NCT02113267,1
phase2_NCT02113826,0
phase2_NCT02114658,0
phase2_NCT02115139,0
phase2_NCT02115321,1
phase2_NCT02115464,0
phase2_NCT02116010,1
phase2_NCT02116361,1
phase2_NCT02116660,1
phase2_NCT02117258,0
phase2_NCT02119650,0
phase2_NCT02119676,0
phase2_NCT02119819,1
phase2_NCT02120300,1
phase2_NCT02120352,1
phase2_NCT02120911,0
phase2_NCT02121301,1
phase2_NCT02121756,1
phase2_NCT02123966,0
phase2_NCT02124369,0
phase2_NCT02125357,0
phase2_NCT02127866,1
phase2_NCT02127996,1
phase2_NCT02128490,1
phase2_NCT02128828,1
phase2_NCT02128958,0
phase2_NCT02129062,0
phase2_NCT02129257,0
phase2_NCT02129439,1
phase2_NCT02130193,1
phase2_NCT02130622,1
phase2_NCT02130635,1
phase2_NCT02131662,1
phase2_NCT02132468,0
phase2_NCT02132598,0
phase2_NCT02132949,1
phase2_NCT02133001,1
phase2_NCT02134106,1
phase2_NCT02134314,1
phase2_NCT02135133,0
phase2_NCT02135445,1
phase2_NCT02135614,1
phase2_NCT02137083,0
phase2_NCT02138253,1
phase2_NCT02138825,1
phase2_NCT02139943,1
phase2_NCT02141035,1
phase2_NCT02141295,0
phase2_NCT02141672,1
phase2_NCT02143843,1
phase2_NCT02145182,1
phase2_NCT02145988,1
phase2_NCT02146833,0
phase2_NCT02146937,0
phase2_NCT02147067,1
phase2_NCT02147587,1
phase2_NCT02147873,1
phase2_NCT02148120,1
phase2_NCT02149420,1
phase2_NCT02150824,1
phase2_NCT02151461,1
phase2_NCT02151656,1
phase2_NCT02153502,1
phase2_NCT02153905,0
phase2_NCT02155465,0
phase2_NCT02155985,1
phase2_NCT02157506,1
phase2_NCT02157922,1
phase2_NCT02158091,0
phase2_NCT02159365,1
phase2_NCT02160899,1
phase2_NCT02161406,1
phase2_NCT02161419,1
phase2_NCT02161718,1
phase2_NCT02162719,0
phase2_NCT02162914,0
phase2_NCT02163993,1
phase2_NCT02164539,1
phase2_NCT02164916,0
phase2_NCT02164981,1
phase2_NCT02165202,1
phase2_NCT02166047,1
phase2_NCT02166229,1
phase2_NCT02166658,0
phase2_NCT02167217,1
phase2_NCT02167256,1
phase2_NCT02169180,1
phase2_NCT02169505,0
phase2_NCT02173301,1
phase2_NCT02174276,1
phase2_NCT02175121,1
phase2_NCT02175446,0
phase2_NCT02175654,0
phase2_NCT02175966,1
phase2_NCT02176291,1
phase2_NCT02177695,0
phase2_NCT02177786,1
phase2_NCT02178098,1
phase2_NCT02178241,0
phase2_NCT02180464,1
phase2_NCT02181556,0
phase2_NCT02181634,0
phase2_NCT02181738,1
phase2_NCT02183870,0
phase2_NCT02185768,0
phase2_NCT02186119,1
phase2_NCT02186834,1
phase2_NCT02186847,0
phase2_NCT02187094,1
phase2_NCT02187302,0
phase2_NCT02188160,1
phase2_NCT02188537,0
phase2_NCT02188550,0
phase2_NCT02189577,1
phase2_NCT02190838,1
phase2_NCT02192190,1
phase2_NCT02192697,0
phase2_NCT02193490,1
phase2_NCT02194998,1
phase2_NCT02195011,0
phase2_NCT02195700,1
phase2_NCT02195791,1
phase2_NCT02195869,1
phase2_NCT02196077,1
phase2_NCT02196168,0
phase2_NCT02196688,1
phase2_NCT02197065,1
phase2_NCT02197897,1
phase2_NCT02199041,0
phase2_NCT02199197,0
phase2_NCT02200354,0
phase2_NCT02203149,1
phase2_NCT02203331,1
phase2_NCT02205528,1
phase2_NCT02205814,1
phase2_NCT02206100,1
phase2_NCT02206776,1
phase2_NCT02207309,0
phase2_NCT02207946,1
phase2_NCT02208037,0
phase2_NCT02210000,1
phase2_NCT02210780,1
phase2_NCT02211417,1
phase2_NCT02212197,1
phase2_NCT02212379,1
phase2_NCT02213133,0
phase2_NCT02213744,0
phase2_NCT02215161,0
phase2_NCT02215200,1
phase2_NCT02215616,1
phase2_NCT02216097,1
phase2_NCT02216149,0
phase2_NCT02217475,1
phase2_NCT02218736,1
phase2_NCT02219048,1
phase2_NCT02219685,1
phase2_NCT02221492,1
phase2_NCT02221765,1
phase2_NCT02222207,1
phase2_NCT02222350,1
phase2_NCT02222480,1
phase2_NCT02222714,1
phase2_NCT02222948,1
phase2_NCT02223260,1
phase2_NCT02224599,0
phase2_NCT02225704,0
phase2_NCT02226549,1
phase2_NCT02227251,0
phase2_NCT02227329,1
phase2_NCT02227368,1
phase2_NCT02227394,1
phase2_NCT02228213,1
phase2_NCT02228590,1
phase2_NCT02229981,0
phase2_NCT02230306,0
phase2_NCT02231580,1
phase2_NCT02232880,1
phase2_NCT02234011,1
phase2_NCT02234141,1
phase2_NCT02235077,1
phase2_NCT02237261,0
phase2_NCT02238483,1
phase2_NCT02238626,1
phase2_NCT02238925,0
phase2_NCT02239926,1
phase2_NCT02240693,1
phase2_NCT02243007,0
phase2_NCT02243202,1
phase2_NCT02243436,0
phase2_NCT02244125,0
phase2_NCT02244502,0
phase2_NCT02244541,1
phase2_NCT02244944,1
phase2_NCT02245022,1
phase2_NCT02246049,1
phase2_NCT02246673,1
phase2_NCT02247726,1
phase2_NCT02249988,1
phase2_NCT02250300,0
phase2_NCT02250326,0
phase2_NCT02250612,1
phase2_NCT02251548,0
phase2_NCT02251717,1
phase2_NCT02252536,1
phase2_NCT02252835,1
phase2_NCT02252926,1
phase2_NCT02253212,1
phase2_NCT02254265,1
phase2_NCT02254278,0
phase2_NCT02254408,1
phase2_NCT02254421,1
phase2_NCT02254551,1
phase2_NCT02255435,1
phase2_NCT02256215,1
phase2_NCT02257177,1
phase2_NCT02257619,0
phase2_NCT02258529,1
phase2_NCT02258659,0
phase2_NCT02259621,0
phase2_NCT02260193,1
phase2_NCT02260440,0
phase2_NCT02260531,0
phase2_NCT02260934,1
phase2_NCT02262078,1
phase2_NCT02262728,1
phase2_NCT02263495,0
phase2_NCT02263898,0
phase2_NCT02265744,1
phase2_NCT02265796,1
phase2_NCT02267083,0
phase2_NCT02267525,1
phase2_NCT02268006,0
phase2_NCT02268175,0
phase2_NCT02268695,0
phase2_NCT02269319,1
phase2_NCT02269943,0
phase2_NCT02270983,1
phase2_NCT02271503,1
phase2_NCT02271906,0
phase2_NCT02272634,1
phase2_NCT02272686,1
phase2_NCT02272803,1
phase2_NCT02273752,0
phase2_NCT02273973,1
phase2_NCT02275286,0
phase2_NCT02275416,0
phase2_NCT02276989,1
phase2_NCT02277093,0
phase2_NCT02277106,1
phase2_NCT02278419,1
phase2_NCT02278471,0
phase2_NCT02278783,0
phase2_NCT02279160,1
phase2_NCT02279407,1
phase2_NCT02279524,1
phase2_NCT02280785,0
phase2_NCT02281006,1
phase2_NCT02281773,1
phase2_NCT02281955,0
phase2_NCT02282345,0
phase2_NCT02283658,0
phase2_NCT02283762,1
phase2_NCT02284230,1
phase2_NCT02284568,1
phase2_NCT02284984,1
phase2_NCT02285504,1
phase2_NCT02285855,0
phase2_NCT02287818,1
phase2_NCT02288078,0
phase2_NCT02288845,1
phase2_NCT02288936,0
phase2_NCT02289222,0
phase2_NCT02289417,1
phase2_NCT02289456,0
phase2_NCT02289833,0
phase2_NCT02289846,1
phase2_NCT02289898,0
phase2_NCT02290210,1
phase2_NCT02291029,1
phase2_NCT02291133,0
phase2_NCT02291237,1
phase2_NCT02292719,1
phase2_NCT02292979,0
phase2_NCT02293395,1
phase2_NCT02293863,1
phase2_NCT02294734,1
phase2_NCT02295826,1
phase2_NCT02295865,1
phase2_NCT02296190,1
phase2_NCT02296203,0
phase2_NCT02296242,0
phase2_NCT02296801,0
phase2_NCT02296996,0
phase2_NCT02297490,1
phase2_NCT02299089,1
phase2_NCT02299375,1
phase2_NCT02299635,1
phase2_NCT02300103,1
phase2_NCT02300727,1
phase2_NCT02301143,1
phase2_NCT02301364,0
phase2_NCT02301481,0
phase2_NCT02301611,0
phase2_NCT02301988,1
phase2_NCT02302079,1
phase2_NCT02302846,1
phase2_NCT02303041,0
phase2_NCT02303184,1
phase2_NCT02305563,0
phase2_NCT02306291,1
phase2_NCT02309359,1
phase2_NCT02309515,0
phase2_NCT02309671,1
phase2_NCT02310763,1
phase2_NCT02310802,1
phase2_NCT02311569,0
phase2_NCT02311673,1
phase2_NCT02312544,1
phase2_NCT02313220,1
phase2_NCT02314247,0
phase2_NCT02314299,1
phase2_NCT02314780,1
phase2_NCT02315625,0
phase2_NCT02315703,1
phase2_NCT02316028,0
phase2_NCT02316106,1
phase2_NCT02316496,0
phase2_NCT02316821,1
phase2_NCT02317471,0
phase2_NCT02317549,1
phase2_NCT02318368,0
phase2_NCT02319759,1
phase2_NCT02320058,1
phase2_NCT02320487,1
phase2_NCT02321800,1
phase2_NCT02322021,1
phase2_NCT02322190,0
phase2_NCT02322450,1
phase2_NCT02322853,0
phase2_NCT02324010,1
phase2_NCT02324335,1
phase2_NCT02324491,1
phase2_NCT02324673,1
phase2_NCT02324803,0
phase2_NCT02324972,1
phase2_NCT02325986,1
phase2_NCT02326090,1
phase2_NCT02327013,1
phase2_NCT02328547,1
phase2_NCT02329834,1
phase2_NCT02329847,0
phase2_NCT02330796,1
phase2_NCT02332824,1
phase2_NCT02333058,1
phase2_NCT02333890,1
phase2_NCT02334553,1
phase2_NCT02335294,1
phase2_NCT02335411,0
phase2_NCT02336074,1
phase2_NCT02336139,1
phase2_NCT02336425,1
phase2_NCT02336815,1
phase2_NCT02337608,1
phase2_NCT02337738,1
phase2_NCT02337907,1
phase2_NCT02337946,0
phase2_NCT02338245,0
phase2_NCT02339415,1
phase2_NCT02340234,1
phase2_NCT02340780,0
phase2_NCT02340949,1
phase2_NCT02342249,1
phase2_NCT02342977,1
phase2_NCT02343445,1
phase2_NCT02343679,0
phase2_NCT02344550,0
phase2_NCT02344810,0
phase2_NCT02345044,1
phase2_NCT02345057,1
phase2_NCT02345070,1
phase2_NCT02345291,1
phase2_NCT02346578,1
phase2_NCT02347163,0
phase2_NCT02348255,0
phase2_NCT02348281,0
phase2_NCT02348359,1
phase2_NCT02349009,1
phase2_NCT02349061,1
phase2_NCT02349178,0
phase2_NCT02349386,1
phase2_NCT02349516,1
phase2_NCT02350569,1
phase2_NCT02350725,1
phase2_NCT02351115,1
phase2_NCT02351505,0
phase2_NCT02351739,0
phase2_NCT02351882,1
phase2_NCT02352337,0
phase2_NCT02352948,0
phase2_NCT02354131,0
phase2_NCT02354586,0
phase2_NCT02354690,0
phase2_NCT02354859,1
phase2_NCT02354976,1
phase2_NCT02355028,1
phase2_NCT02357420,1
phase2_NCT02358096,1
phase2_NCT02358538,1
phase2_NCT02358668,1
phase2_NCT02360059,0
phase2_NCT02360280,1
phase2_NCT02362230,0
phase2_NCT02362646,1
phase2_NCT02363621,1
phase2_NCT02365610,1
phase2_NCT02365636,1
phase2_NCT02365649,1
phase2_NCT02366637,1
phase2_NCT02367313,1
phase2_NCT02368691,0
phase2_NCT02368886,0
phase2_NCT02371408,1
phase2_NCT02372240,0
phase2_NCT02374242,0
phase2_NCT02374489,0
phase2_NCT02374853,1
phase2_NCT02375672,0
phase2_NCT02377895,1
phase2_NCT02378870,0
phase2_NCT02378935,1
phase2_NCT02378961,1
phase2_NCT02379091,1
phase2_NCT02379195,0
phase2_NCT02379247,0
phase2_NCT02379390,0
phase2_NCT02379910,1
phase2_NCT02382406,0
phase2_NCT02383433,0
phase2_NCT02383940,1
phase2_NCT02384382,1
phase2_NCT02385669,0
phase2_NCT02387216,0
phase2_NCT02387606,1
phase2_NCT02387853,1
phase2_NCT02388919,1
phase2_NCT02389764,0
phase2_NCT02390674,1
phase2_NCT02392377,0
phase2_NCT02392637,0
phase2_NCT02392780,1
phase2_NCT02393209,0
phase2_NCT02393755,0
phase2_NCT02395978,1
phase2_NCT02397694,1
phase2_NCT02397928,0
phase2_NCT02399085,1
phase2_NCT02399137,0
phase2_NCT02399215,0
phase2_NCT02399592,0
phase2_NCT02399709,1
phase2_NCT02400437,0
phase2_NCT02402062,0
phase2_NCT02402530,1
phase2_NCT02402725,1
phase2_NCT02402764,0
phase2_NCT02403271,0
phase2_NCT02403778,1
phase2_NCT02405013,1
phase2_NCT02405260,1
phase2_NCT02405364,1
phase2_NCT02405442,1
phase2_NCT02406027,1
phase2_NCT02407054,1
phase2_NCT02407756,1
phase2_NCT02408705,1
phase2_NCT02409368,1
phase2_NCT02409459,1
phase2_NCT02410200,1
phase2_NCT02410863,0
phase2_NCT02412020,1
phase2_NCT02412436,0
phase2_NCT02412852,1
phase2_NCT02413320,0
phase2_NCT02413372,1
phase2_NCT02413489,1
phase2_NCT02414009,0
phase2_NCT02414165,0
phase2_NCT02414503,1
phase2_NCT02415413,0
phase2_NCT02415595,1
phase2_NCT02415608,0
phase2_NCT02415829,0
phase2_NCT02416570,0
phase2_NCT02418689,0
phase2_NCT02418754,1
phase2_NCT02419469,0
phase2_NCT02419755,0
phase2_NCT02420652,0
phase2_NCT02420938,0
phase2_NCT02421094,1
phase2_NCT02422199,0
phase2_NCT02422381,0
phase2_NCT02423122,1
phase2_NCT02423200,1
phase2_NCT02423590,0
phase2_NCT02423603,0
phase2_NCT02424045,0
phase2_NCT02424253,1
phase2_NCT02425306,0
phase2_NCT02425605,1
phase2_NCT02425683,0
phase2_NCT02425722,1
phase2_NCT02425813,0
phase2_NCT02426281,1
phase2_NCT02426918,1
phase2_NCT02427165,1
phase2_NCT02427568,1
phase2_NCT02428088,1
phase2_NCT02428270,0
phase2_NCT02433483,0
phase2_NCT02433834,1
phase2_NCT02434549,1
phase2_NCT02435303,1
phase2_NCT02437383,1
phase2_NCT02437487,1
phase2_NCT02438722,0
phase2_NCT02439138,0
phase2_NCT02439216,1
phase2_NCT02440178,1
phase2_NCT02440958,0
phase2_NCT02441283,1
phase2_NCT02441946,1
phase2_NCT02442349,0
phase2_NCT02442687,1
phase2_NCT02443155,1
phase2_NCT02443337,0
phase2_NCT02443883,0
phase2_NCT02445859,1
phase2_NCT02446717,1
phase2_NCT02447276,1
phase2_NCT02447302,1
phase2_NCT02448290,0
phase2_NCT02448810,0
phase2_NCT02449018,1
phase2_NCT02449343,0
phase2_NCT02449655,0
phase2_NCT02450539,0
phase2_NCT02450903,0
phase2_NCT02452060,1
phase2_NCT02452463,0
phase2_NCT02452515,1
phase2_NCT02453009,0
phase2_NCT02453711,1
phase2_NCT02455297,0
phase2_NCT02455999,1
phase2_NCT02456714,0
phase2_NCT02459236,1
phase2_NCT02459899,1
phase2_NCT02461134,1
phase2_NCT02461589,1
phase2_NCT02461836,1
phase2_NCT02462473,1
phase2_NCT02462967,1
phase2_NCT02464033,1
phase2_NCT02464046,1
phase2_NCT02465437,1
phase2_NCT02465450,1
phase2_NCT02465502,0
phase2_NCT02465580,1
phase2_NCT02465814,1
phase2_NCT02467946,1
phase2_NCT02468115,1
phase2_NCT02468700,1
phase2_NCT02469298,1
phase2_NCT02469701,0
phase2_NCT02470039,1
phase2_NCT02471196,1
phase2_NCT02471222,1
phase2_NCT02471391,1
phase2_NCT02471898,1
phase2_NCT02472080,0
phase2_NCT02472353,0
phase2_NCT02472535,1
phase2_NCT02472795,1
phase2_NCT02473094,1
phase2_NCT02473289,1
phase2_NCT02473445,1
phase2_NCT02474290,1
phase2_NCT02475304,1
phase2_NCT02475447,1
phase2_NCT02475655,1
phase2_NCT02476045,0
phase2_NCT02477020,1
phase2_NCT02477215,0
phase2_NCT02479412,1
phase2_NCT02481050,0
phase2_NCT02481856,1
phase2_NCT02482428,1
phase2_NCT02483078,1
phase2_NCT02484378,1
phase2_NCT02484456,1
phase2_NCT02484690,1
phase2_NCT02485249,1
phase2_NCT02485834,0
phase2_NCT02486601,0
phase2_NCT02487277,0
phase2_NCT02487407,1
phase2_NCT02489461,1
phase2_NCT02489695,0
phase2_NCT02490436,1
phase2_NCT02491359,0
phase2_NCT02492763,1
phase2_NCT02493712,1
phase2_NCT02493855,1
phase2_NCT02494479,1
phase2_NCT02494713,0
phase2_NCT02495233,0
phase2_NCT02495623,1
phase2_NCT02495844,1
phase2_NCT02496000,1
phase2_NCT02497508,1
phase2_NCT02497547,1
phase2_NCT02498652,1
phase2_NCT02499120,0
phase2_NCT02499627,0
phase2_NCT02499770,1
phase2_NCT02500576,0
phase2_NCT02503644,1
phase2_NCT02504346,0
phase2_NCT02504554,1
phase2_NCT02504671,1
phase2_NCT02504892,0
phase2_NCT02505269,0
phase2_NCT02506114,0
phase2_NCT02508077,0
phase2_NCT02508649,1
phase2_NCT02510599,1
phase2_NCT02510794,1
phase2_NCT02514447,1
phase2_NCT02515331,1
phase2_NCT02515669,1
phase2_NCT02515942,1
phase2_NCT02518750,0
phase2_NCT02524197,1
phase2_NCT02525302,1
phase2_NCT02525757,0
phase2_NCT02526524,1
phase2_NCT02527096,1
phase2_NCT02527343,1
phase2_NCT02529449,1
phase2_NCT02529878,1
phase2_NCT02530424,1
phase2_NCT02530476,0
phase2_NCT02531113,1
phase2_NCT02531308,1
phase2_NCT02532764,1
phase2_NCT02534350,1
phase2_NCT02535104,1
phase2_NCT02535650,0
phase2_NCT02536313,1
phase2_NCT02536404,1
phase2_NCT02538367,1
phase2_NCT02538510,0
phase2_NCT02538965,1
phase2_NCT02539225,0
phase2_NCT02541396,1
phase2_NCT02541903,0
phase2_NCT02542215,1
phase2_NCT02542254,1
phase2_NCT02546960,1
phase2_NCT02546986,0
phase2_NCT02547428,1
phase2_NCT02547935,1
phase2_NCT02548585,1
phase2_NCT02549391,1
phase2_NCT02550418,1
phase2_NCT02550652,1
phase2_NCT02550678,1
phase2_NCT02550977,1
phase2_NCT02551432,0
phase2_NCT02551809,1
phase2_NCT02553889,1
phase2_NCT02553915,1
phase2_NCT02554877,1
phase2_NCT02555709,1
phase2_NCT02557126,1
phase2_NCT02559206,1
phase2_NCT02559648,1
phase2_NCT02560025,0
phase2_NCT02560038,0
phase2_NCT02560051,0
phase2_NCT02561273,0
phase2_NCT02562651,1
phase2_NCT02563106,1
phase2_NCT02564042,1
phase2_NCT02564055,1
phase2_NCT02564588,1
phase2_NCT02565810,1
phase2_NCT02567708,1
phase2_NCT02567851,0
phase2_NCT02568683,0
phase2_NCT02568839,0
phase2_NCT02569957,0
phase2_NCT02570165,1
phase2_NCT02572167,1
phase2_NCT02572492,1
phase2_NCT02572947,1
phase2_NCT02573870,1
phase2_NCT02573935,1
phase2_NCT02574598,0
phase2_NCT02574637,1
phase2_NCT02576639,1
phase2_NCT02576678,1
phase2_NCT02576938,1
phase2_NCT02577523,1
phase2_NCT02578121,0
phase2_NCT02579057,1
phase2_NCT02579252,1
phase2_NCT02579382,1
phase2_NCT02579616,1
phase2_NCT02579811,0
phase2_NCT02579876,1
phase2_NCT02580695,1
phase2_NCT02581137,0
phase2_NCT02581839,0
phase2_NCT02581865,1
phase2_NCT02581930,0
phase2_NCT02583919,1
phase2_NCT02585388,0
phase2_NCT02586350,0
phase2_NCT02586935,1
phase2_NCT02586961,1
phase2_NCT02588781,1
phase2_NCT02589145,0
phase2_NCT02589236,1
phase2_NCT02589665,1
phase2_NCT02589847,1
phase2_NCT02590003,0
phase2_NCT02590588,1
phase2_NCT02590965,0
phase2_NCT02591615,0
phase2_NCT02593162,1
phase2_NCT02595437,1
phase2_NCT02596256,0
phase2_NCT02596867,1
phase2_NCT02597062,0
phase2_NCT02597127,1
phase2_NCT02597257,1
phase2_NCT02597803,1
phase2_NCT02598310,1
phase2_NCT02599961,1
phase2_NCT02601573,1
phase2_NCT02603809,1
phase2_NCT02603952,1
phase2_NCT02604511,0
phase2_NCT02604719,1
phase2_NCT02605304,1
phase2_NCT02605863,0
phase2_NCT02607332,0
phase2_NCT02607423,0
phase2_NCT02608697,1
phase2_NCT02609334,1
phase2_NCT02610140,0
phase2_NCT02610283,1
phase2_NCT02610543,1
phase2_NCT02611466,1
phase2_NCT02612194,0
phase2_NCT02612285,1
phase2_NCT02612610,1
phase2_NCT02613221,0
phase2_NCT02617667,1
phase2_NCT02619617,1
phase2_NCT02623738,1
phase2_NCT02624089,1
phase2_NCT02626481,0
phase2_NCT02626572,1
phase2_NCT02626754,0
phase2_NCT02626962,0
phase2_NCT02627573,0
phase2_NCT02628028,1
phase2_NCT02628769,1
phase2_NCT02628951,0
phase2_NCT02629822,1
phase2_NCT02630004,0
phase2_NCT02630277,1
phase2_NCT02630368,0
phase2_NCT02630459,1
phase2_NCT02630693,0
phase2_NCT02631577,1
phase2_NCT02632786,1
phase2_NCT02633800,0
phase2_NCT02633956,1
phase2_NCT02637323,1
phase2_NCT02637557,1
phase2_NCT02637960,1
phase2_NCT02638909,0
phase2_NCT02639052,1
phase2_NCT02639533,1
phase2_NCT02640573,1
phase2_NCT02641028,1
phase2_NCT02642042,0
phase2_NCT02642965,0
phase2_NCT02643251,1
phase2_NCT02644057,1
phase2_NCT02644668,1
phase2_NCT02647944,1
phase2_NCT02649361,0
phase2_NCT02651415,0
phase2_NCT02651714,1
phase2_NCT02653599,1
phase2_NCT02654132,1
phase2_NCT02654483,1
phase2_NCT02655198,1
phase2_NCT02656615,0
phase2_NCT02657915,1
phase2_NCT02657928,0
phase2_NCT02658084,0
phase2_NCT02658344,1
phase2_NCT02658357,1
phase2_NCT02658448,1
phase2_NCT02659397,1
phase2_NCT02659475,1
phase2_NCT02660424,1
phase2_NCT02662296,0
phase2_NCT02662582,1
phase2_NCT02664558,1
phase2_NCT02666898,1
phase2_NCT02667574,0
phase2_NCT02669433,1
phase2_NCT02669511,0
phase2_NCT02669615,0
phase2_NCT02674204,0
phase2_NCT02675231,0
phase2_NCT02678780,0
phase2_NCT02678923,1
phase2_NCT02679079,1
phase2_NCT02681055,1
phase2_NCT02681523,0
phase2_NCT02681809,1
phase2_NCT02683161,1
phase2_NCT02683785,1
phase2_NCT02684591,1
phase2_NCT02685046,1
phase2_NCT02685059,1
phase2_NCT02685345,1
phase2_NCT02685618,1
phase2_NCT02686762,1
phase2_NCT02687542,1
phase2_NCT02689258,1
phase2_NCT02689362,1
phase2_NCT02689713,1
phase2_NCT02692742,1
phase2_NCT02695472,1
phase2_NCT02695810,1
phase2_NCT02699073,0
phase2_NCT02699450,1
phase2_NCT02700568,1
phase2_NCT02700919,1
phase2_NCT02701764,1
phase2_NCT02702011,1
phase2_NCT02703415,1
phase2_NCT02705625,1
phase2_NCT02706691,0
phase2_NCT02708095,1
phase2_NCT02708186,1
phase2_NCT02708680,0
phase2_NCT02709109,1
phase2_NCT02712008,1
phase2_NCT02712047,1
phase2_NCT02712957,1
phase2_NCT02713204,1
phase2_NCT02715115,1
phase2_NCT02715960,1
phase2_NCT02716272,0
phase2_NCT02716311,0
phase2_NCT02716688,0
phase2_NCT02716766,0
phase2_NCT02717611,1
phase2_NCT02718495,1
phase2_NCT02719158,1
phase2_NCT02719171,1
phase2_NCT02720510,1
phase2_NCT02720523,1
phase2_NCT02722967,1
phase2_NCT02723578,0
phase2_NCT02724527,1
phase2_NCT02726399,0
phase2_NCT02727699,1
phase2_NCT02727777,0
phase2_NCT02727907,1
phase2_NCT02728206,1
phase2_NCT02730208,1
phase2_NCT02730455,1
phase2_NCT02730884,0
phase2_NCT02731352,1
phase2_NCT02732119,0
phase2_NCT02732951,1
phase2_NCT02734862,1
phase2_NCT02735317,0
phase2_NCT02735863,1
phase2_NCT02737332,1
phase2_NCT02737709,0
phase2_NCT02737722,1
phase2_NCT02737891,1
phase2_NCT02738775,1
phase2_NCT02738801,1
phase2_NCT02739906,1
phase2_NCT02740972,1
phase2_NCT02742129,1
phase2_NCT02743221,0
phase2_NCT02743780,1
phase2_NCT02744768,0
phase2_NCT02744898,0
phase2_NCT02745353,1
phase2_NCT02745392,1
phase2_NCT02745561,0
phase2_NCT02747004,0
phase2_NCT02749136,0
phase2_NCT02749526,0
phase2_NCT02750358,0
phase2_NCT02751996,1
phase2_NCT02752204,0
phase2_NCT02752880,1
phase2_NCT02753400,1
phase2_NCT02756013,0
phase2_NCT02757105,1
phase2_NCT02757729,1
phase2_NCT02758132,0
phase2_NCT02760667,0
phase2_NCT02762084,1
phase2_NCT02762370,1
phase2_NCT02762474,0
phase2_NCT02766335,0
phase2_NCT02767752,0
phase2_NCT02768415,0
phase2_NCT02769286,0
phase2_NCT02773459,0
phase2_NCT02774681,0
phase2_NCT02775448,1
phase2_NCT02775916,1
phase2_NCT02776137,0
phase2_NCT02776163,0
phase2_NCT02777489,1
phase2_NCT02777931,1
phase2_NCT02778399,1
phase2_NCT02779777,0
phase2_NCT02780167,1
phase2_NCT02780180,1
phase2_NCT02780700,0
phase2_NCT02781558,1
phase2_NCT02782858,1
phase2_NCT02784002,1
phase2_NCT02785172,1
phase2_NCT02785185,1
phase2_NCT02785913,0
phase2_NCT02785939,0
phase2_NCT02787278,1
phase2_NCT02788006,0
phase2_NCT02788773,0
phase2_NCT02793778,1
phase2_NCT02794155,1
phase2_NCT02794857,1
phase2_NCT02801487,1
phase2_NCT02802267,0
phase2_NCT02804763,1
phase2_NCT02805439,1
phase2_NCT02807363,1
phase2_NCT02808104,1
phase2_NCT02808390,1
phase2_NCT02809183,1
phase2_NCT02812368,1
phase2_NCT02812693,0
phase2_NCT02813551,1
phase2_NCT02815397,0
phase2_NCT02815488,1
phase2_NCT02815540,1
phase2_NCT02819557,1
phase2_NCT02820519,1
phase2_NCT02824003,1
phase2_NCT02824913,1
phase2_NCT02827201,0
phase2_NCT02829918,0
phase2_NCT02833350,1
phase2_NCT02835924,0
phase2_NCT02839200,1
phase2_NCT02841709,1
phase2_NCT02842580,0
phase2_NCT02843659,1
phase2_NCT02844582,0
phase2_NCT02845050,0
phase2_NCT02845271,1
phase2_NCT02846324,1
phase2_NCT02846987,0
phase2_NCT02847650,1
phase2_NCT02849990,0
phase2_NCT02850874,1
phase2_NCT02854631,1
phase2_NCT02856555,1
phase2_NCT02857426,0
phase2_NCT02858362,1
phase2_NCT02859454,1
phase2_NCT02860000,0
phase2_NCT02862145,1
phase2_NCT02864316,0
phase2_NCT02864381,1
phase2_NCT02865122,1
phase2_NCT02865538,1
phase2_NCT02867956,0
phase2_NCT02869347,1
phase2_NCT02870920,0
phase2_NCT02873338,1
phase2_NCT02874404,0
phase2_NCT02874742,1
phase2_NCT02874846,1
phase2_NCT02875613,0
phase2_NCT02877082,0
phase2_NCT02878330,1
phase2_NCT02885181,1
phase2_NCT02886559,0
phase2_NCT02887313,0
phase2_NCT02888106,1
phase2_NCT02888236,1
phase2_NCT02888665,0
phase2_NCT02889549,1
phase2_NCT02890355,0
phase2_NCT02891226,1
phase2_NCT02895100,1
phase2_NCT02896582,0
phase2_NCT02898116,0
phase2_NCT02898662,1
phase2_NCT02899728,0
phase2_NCT02899988,1
phase2_NCT02900131,1
phase2_NCT02906579,1
phase2_NCT02906683,1
phase2_NCT02907567,1
phase2_NCT02908347,1
phase2_NCT02910050,0
phase2_NCT02910102,1
phase2_NCT02912260,1
phase2_NCT02913105,1
phase2_NCT02914665,1
phase2_NCT02915523,0
phase2_NCT02915835,1
phase2_NCT02917512,1
phase2_NCT02917629,0
phase2_NCT02919462,0
phase2_NCT02919995,1
phase2_NCT02920450,0
phase2_NCT02921269,0
phase2_NCT02924883,1
phase2_NCT02925117,1
phase2_NCT02926222,0
phase2_NCT02927184,1
phase2_NCT02927431,1
phase2_NCT02928393,1
phase2_NCT02928419,1
phase2_NCT02929498,0
phase2_NCT02931253,1
phase2_NCT02931838,1
phase2_NCT02933606,1
phase2_NCT02934828,1
phase2_NCT02935101,1
phase2_NCT02939391,1
phase2_NCT02940626,1
phase2_NCT02941523,0
phase2_NCT02941822,1
phase2_NCT02943460,1
phase2_NCT02943473,1
phase2_NCT02943668,1
phase2_NCT02943720,1
phase2_NCT02944448,1
phase2_NCT02944734,1
phase2_NCT02945852,0
phase2_NCT02947048,1
phase2_NCT02947880,1
phase2_NCT02948075,0
phase2_NCT02949843,0
phase2_NCT02949973,1
phase2_NCT02950480,0
phase2_NCT02951767,0
phase2_NCT02951819,1
phase2_NCT02952573,0
phase2_NCT02953678,1
phase2_NCT02955888,1
phase2_NCT02956226,1
phase2_NCT02956837,1
phase2_NCT02957630,1
phase2_NCT02958163,0
phase2_NCT02958982,1
phase2_NCT02960204,1
phase2_NCT02960438,1
phase2_NCT02960490,1
phase2_NCT02963311,1
phase2_NCT02963610,0
phase2_NCT02964377,1
phase2_NCT02965378,0
phase2_NCT02965573,1
phase2_NCT02969382,1
phase2_NCT02970682,0
phase2_NCT02970968,1
phase2_NCT02971228,1
phase2_NCT02971293,1
phase2_NCT02973100,1
phase2_NCT02974010,1
phase2_NCT02975206,1
phase2_NCT02975349,1
phase2_NCT02975557,1
phase2_NCT02976467,1
phase2_NCT02978781,1
phase2_NCT02981498,1
phase2_NCT02981524,0
phase2_NCT02981628,0
phase2_NCT02984995,1
phase2_NCT02985879,1
phase2_NCT02986321,1
phase2_NCT02988986,1
phase2_NCT02989194,1
phase2_NCT02992288,1
phase2_NCT02994056,1
phase2_NCT02995187,0
phase2_NCT02996500,1
phase2_NCT02999672,0
phase2_NCT03000075,1
phase2_NCT03000348,1
phase2_NCT03000530,1
phase2_NCT03000569,1
phase2_NCT03001219,1
phase2_NCT03003390,1
phase2_NCT03003520,0
phase2_NCT03004638,1
phase2_NCT03004846,1
phase2_NCT03005873,1
phase2_NCT03007407,0
phase2_NCT03010358,0
phase2_NCT03011333,1
phase2_NCT03011892,1
phase2_NCT03012061,1
phase2_NCT03013335,0
phase2_NCT03015532,1
phase2_NCT03017508,1
phase2_NCT03018340,1
phase2_NCT03020004,1
phase2_NCT03020095,1
phase2_NCT03022838,1
phase2_NCT03023423,0
phase2_NCT03026166,0
phase2_NCT03028142,1
phase2_NCT03029832,1
phase2_NCT03033069,1
phase2_NCT03033784,1
phase2_NCT03034135,0
phase2_NCT03034772,1
phase2_NCT03036839,1
phase2_NCT03036852,1
phase2_NCT03038022,1
phase2_NCT03041181,0
phase2_NCT03042702,0
phase2_NCT03042780,0
phase2_NCT03043599,1
phase2_NCT03044353,1
phase2_NCT03044730,0
phase2_NCT03045523,1
phase2_NCT03046758,1
phase2_NCT03048474,0
phase2_NCT03051100,1
phase2_NCT03051256,1
phase2_NCT03051659,0
phase2_NCT03053856,1
phase2_NCT03054337,1
phase2_NCT03054350,1
phase2_NCT03055195,1
phase2_NCT03059446,1
phase2_NCT03059667,0
phase2_NCT03059693,1
phase2_NCT03059797,0
phase2_NCT03060993,1
phase2_NCT03061708,0
phase2_NCT03061721,1
phase2_NCT03062462,1
phase2_NCT03063086,1
phase2_NCT03066193,1
phase2_NCT03066219,1
phase2_NCT03066947,0
phase2_NCT03068754,1
phase2_NCT03069950,0
phase2_NCT03070574,1
phase2_NCT03070782,1
phase2_NCT03070964,0
phase2_NCT03071263,1
phase2_NCT03071276,0
phase2_NCT03075527,0
phase2_NCT03082833,0
phase2_NCT03088605,1
phase2_NCT03091920,1
phase2_NCT03093259,1
phase2_NCT03094195,1
phase2_NCT03098979,1
phase2_NCT03100058,1
phase2_NCT03100344,1
phase2_NCT03101241,1
phase2_NCT03101267,1
phase2_NCT03101670,1
phase2_NCT03106532,1
phase2_NCT03107091,1
phase2_NCT03108027,1
phase2_NCT03109301,0
phase2_NCT03112135,1
phase2_NCT03113071,0
phase2_NCT03117270,1
phase2_NCT03117361,0
phase2_NCT03118739,1
phase2_NCT03119649,1
phase2_NCT03120676,1
phase2_NCT03122860,1
phase2_NCT03124108,1
phase2_NCT03126786,1
phase2_NCT03130270,0
phase2_NCT03131206,0
phase2_NCT03131336,1
phase2_NCT03132038,1
phase2_NCT03134352,1
phase2_NCT03134703,1
phase2_NCT03136627,1
phase2_NCT03139136,1
phase2_NCT03139747,0
phase2_NCT03140657,1
phase2_NCT03147196,0
phase2_NCT03153085,0
phase2_NCT03160001,1
phase2_NCT03160898,1
phase2_NCT03161574,0
phase2_NCT03163667,0
phase2_NCT03168100,0
phase2_NCT03170232,1
phase2_NCT03178422,1
phase2_NCT03178669,1
phase2_NCT03179891,1
phase2_NCT03183505,1
phase2_NCT03185871,1
phase2_NCT03191864,1
phase2_NCT03192176,1
phase2_NCT03192709,1
phase2_NCT03193047,1
phase2_NCT03193398,1
phase2_NCT03193957,1
phase2_NCT03196375,1
phase2_NCT03197870,1
phase2_NCT03198559,0
phase2_NCT03198793,1
phase2_NCT03201601,1
phase2_NCT03206749,1
phase2_NCT03219320,1
phase2_NCT03219372,0
phase2_NCT03222323,1
phase2_NCT03224351,1
phase2_NCT03226067,1
phase2_NCT03227224,1
phase2_NCT03227471,1
phase2_NCT03228394,1
phase2_NCT03231176,0
phase2_NCT03232892,0
phase2_NCT03233308,1
phase2_NCT03233529,1
phase2_NCT03234153,0
phase2_NCT03234842,1
phase2_NCT03241342,1
phase2_NCT03244800,1
phase2_NCT03246971,1
phase2_NCT03249103,1
phase2_NCT03254186,1
phase2_NCT03254368,1
phase2_NCT03254511,1
phase2_NCT03256526,1
phase2_NCT03256552,1
phase2_NCT03256721,0
phase2_NCT03258502,1
phase2_NCT03259516,1
phase2_NCT03261336,0
phase2_NCT03265119,1
phase2_NCT03269552,0
phase2_NCT03271541,1
phase2_NCT03272347,1
phase2_NCT03281083,1
phase2_NCT03282591,1
phase2_NCT03292809,1
phase2_NCT03297294,1
phase2_NCT03300362,1
phase2_NCT03303911,1
phase2_NCT03303950,1
phase2_NCT03310645,1
phase2_NCT03311724,1
phase2_NCT03312114,0
phase2_NCT03320941,1
phase2_NCT03322137,1
phase2_NCT03323710,0
phase2_NCT03325010,1
phase2_NCT03332524,1
phase2_NCT03333746,0
phase2_NCT03334695,1
phase2_NCT03339726,1
phase2_NCT03339999,1
phase2_NCT03341767,1
phase2_NCT03343639,1
phase2_NCT03343652,1
phase2_NCT03344614,1
phase2_NCT03345407,1
phase2_NCT03358004,0
phase2_NCT03358290,1
phase2_NCT03364075,1
phase2_NCT03364608,1
phase2_NCT03365999,1
phase2_NCT03366337,1
phase2_NCT03371459,1
phase2_NCT03372603,1
phase2_NCT03373422,1
phase2_NCT03374852,0
phase2_NCT03377556,0
phase2_NCT03379012,0
phase2_NCT03381118,1
phase2_NCT03384095,1
phase2_NCT03384966,1
phase2_NCT03387852,1
phase2_NCT03391050,0
phase2_NCT03391765,1
phase2_NCT03393117,1
phase2_NCT03397394,0
phase2_NCT03399669,0
phase2_NCT03400163,1
phase2_NCT03402880,0
phase2_NCT03403777,0
phase2_NCT03404115,1
phase2_NCT03406377,1
phase2_NCT03407430,1
phase2_NCT03414229,0
phase2_NCT03415906,1
phase2_NCT03418727,1
phase2_NCT03421197,1
phase2_NCT03421431,1
phase2_NCT03424759,0
phase2_NCT03425331,0
phase2_NCT03427229,1
phase2_NCT03436420,1
phase2_NCT03439215,0
phase2_NCT03443024,1
phase2_NCT03444506,1
phase2_NCT03446144,1
phase2_NCT03449199,1
phase2_NCT03454919,0
phase2_NCT03460756,1
phase2_NCT03465891,0
phase2_NCT03469934,1
phase2_NCT03471767,1
phase2_NCT03474042,1
phase2_NCT03475706,1
phase2_NCT03478605,1
phase2_NCT03482882,1
phase2_NCT03499223,1
phase2_NCT03500783,1
phase2_NCT03501550,1
phase2_NCT03506542,1
phase2_NCT03508648,1
phase2_NCT03508687,1
phase2_NCT03511066,1
phase2_NCT03514836,1
phase2_NCT03517566,1
phase2_NCT03517618,0
phase2_NCT03530293,1
phase2_NCT03531060,1
phase2_NCT03531905,1
phase2_NCT03535961,0
phase2_NCT03536039,0
phase2_NCT03546621,1
phase2_NCT03566290,1
phase2_NCT03569033,1
phase2_NCT03570476,0
phase2_NCT03572478,0
phase2_NCT03573505,1
phase2_NCT03576638,1
phase2_NCT03591146,1
phase2_NCT03591458,1
phase2_NCT03592862,1
phase2_NCT03595579,1
phase2_NCT03595644,0
phase2_NCT03597139,1
phase2_NCT03598777,1
phase2_NCT03603639,1
phase2_NCT03605212,1
phase2_NCT03608501,0
phase2_NCT03608839,1
phase2_NCT03609619,1
phase2_NCT03614065,1
phase2_NCT03617445,1
phase2_NCT03630120,0
phase2_NCT03632317,0
phase2_NCT03633461,1
phase2_NCT03638258,1
phase2_NCT03639987,1
phase2_NCT03644589,0
phase2_NCT03657797,1
phase2_NCT03676231,1
phase2_NCT03680612,1
phase2_NCT03687125,0
phase2_NCT03702803,1
phase2_NCT03706209,1
phase2_NCT03709823,1
phase2_NCT03713320,1
phase2_NCT03715023,1
phase2_NCT03716050,1
phase2_NCT03719898,0
phase2_NCT03727607,1
phase2_NCT03732534,1
phase2_NCT03793712,1
phase2_NCT03824704,0
phase2_NCT03831191,1
phase2_NCT03848182,0
phase2_NCT03869762,0
phase2_NCT03879811,0
phase2_NCT03886493,0
phase2_NCT03907072,1
phase2_NCT03935347,0
phase2_NCT04007588,0
phase2_NCT04025567,0
phase2_NCT04051853,1
phase2_NCT04267237,1
phase2_NCT04329923,1
phase2_NCT04409327,1
phase2_NCT04437953,0
phase2_NCT04439305,0
phase3_NCT01308528,1
phase3_NCT01670552,1
phase3_NCT01786824,1
phase3_NCT01877668,1
phase3_NCT01887717,0
phase3_NCT01899742,1
phase3_NCT01900327,1
phase3_NCT01905059,1
phase3_NCT01905592,0
phase3_NCT01911364,1
phase3_NCT01917331,1
phase3_NCT01926236,0
phase3_NCT01936844,0
phase3_NCT01940887,1
phase3_NCT01949337,0
phase3_NCT01950299,0
phase3_NCT01964391,1
phase3_NCT01964430,1
phase3_NCT01966822,1
phase3_NCT01967173,1
phase3_NCT01968213,1
phase3_NCT01969708,1
phase3_NCT01973790,1
phase3_NCT01974752,0
phase3_NCT01980875,1
phase3_NCT01980888,1
phase3_NCT01986101,1
phase3_NCT01986127,1
phase3_NCT01987479,1
phase3_NCT01987895,1
phase3_NCT01989676,1
phase3_NCT01991795,1
phase3_NCT01994720,0
phase3_NCT01995266,1
phase3_NCT01996319,1
phase3_NCT02000622,0
phase3_NCT02004392,1
phase3_NCT02005471,0
phase3_NCT02006121,1
phase3_NCT02006641,1
phase3_NCT02006654,1
phase3_NCT02006745,1
phase3_NCT02007629,1
phase3_NCT02008227,1
phase3_NCT02008318,1
phase3_NCT02008916,1
phase3_NCT02008942,1
phase3_NCT02012959,1
phase3_NCT02013167,1
phase3_NCT02014467,1
phase3_NCT02019420,1
phase3_NCT02019472,1
phase3_NCT02020278,1
phase3_NCT02022007,1
phase3_NCT02022930,1
phase3_NCT02025621,1
phase3_NCT02025725,1
phase3_NCT02029157,0
phase3_NCT02030600,1
phase3_NCT02031081,1
phase3_NCT02031744,0
phase3_NCT02032277,0
phase3_NCT02032875,1
phase3_NCT02032888,1
phase3_NCT02032901,1
phase3_NCT02034513,1
phase3_NCT02036515,1
phase3_NCT02037503,1
phase3_NCT02038036,1
phase3_NCT02038179,1
phase3_NCT02038920,1
phase3_NCT02039505,1
phase3_NCT02041533,0
phase3_NCT02042690,1
phase3_NCT02043678,0
phase3_NCT02044146,1
phase3_NCT02044354,0
phase3_NCT02044510,1
phase3_NCT02045290,1
phase3_NCT02045862,1
phase3_NCT02046369,1
phase3_NCT02046564,1
phase3_NCT02046603,1
phase3_NCT02048813,0
phase3_NCT02051608,1
phase3_NCT02054156,1
phase3_NCT02054702,1
phase3_NCT02054897,1
phase3_NCT02058108,1
phase3_NCT02058147,1
phase3_NCT02058160,1
phase3_NCT02058368,1
phase3_NCT02058589,1
phase3_NCT02059187,1
phase3_NCT02059642,1
phase3_NCT02063854,1
phase3_NCT02064439,1
phase3_NCT02065791,1
phase3_NCT02066129,1
phase3_NCT02066181,1
phase3_NCT02066298,1
phase3_NCT02066402,1
phase3_NCT02066454,0
phase3_NCT02068443,1
phase3_NCT02070757,1
phase3_NCT02071082,1
phase3_NCT02072226,0
phase3_NCT02072434,0
phase3_NCT02072824,1
phase3_NCT02073656,1
phase3_NCT02073682,1
phase3_NCT02074982,1
phase3_NCT02075840,0
phase3_NCT02076009,1
phase3_NCT02076815,1
phase3_NCT02077868,0
phase3_NCT02079246,1
phase3_NCT02079727,0
phase3_NCT02080364,0
phase3_NCT02081690,1
phase3_NCT02082522,1
phase3_NCT02085135,1
phase3_NCT02085161,1
phase3_NCT02087059,1
phase3_NCT02088073,1
phase3_NCT02090764,1
phase3_NCT02091375,1
phase3_NCT02091739,1
phase3_NCT02091986,1
phase3_NCT02092350,1
phase3_NCT02096705,1
phase3_NCT02098395,1
phase3_NCT02099110,1
phase3_NCT02104674,1
phase3_NCT02104700,1
phase3_NCT02104804,1
phase3_NCT02105467,1
phase3_NCT02105636,0
phase3_NCT02105662,1
phase3_NCT02105688,1
phase3_NCT02105701,0
phase3_NCT02105948,1
phase3_NCT02105961,1
phase3_NCT02105974,1
phase3_NCT02105987,1
phase3_NCT02106494,1
phase3_NCT02106546,0
phase3_NCT02106832,1
phase3_NCT02107196,1
phase3_NCT02107703,0
phase3_NCT02107898,1
phase3_NCT02108366,1
phase3_NCT02109562,1
phase3_NCT02110303,1
phase3_NCT02111564,1
phase3_NCT02114151,1
phase3_NCT02114177,1
phase3_NCT02115321,1
phase3_NCT02115750,1
phase3_NCT02116530,0
phase3_NCT02117479,0
phase3_NCT02118766,1
phase3_NCT02118792,1
phase3_NCT02120027,1
phase3_NCT02121717,1
phase3_NCT02121795,1
phase3_NCT02122471,1
phase3_NCT02123654,1
phase3_NCT02125409,1
phase3_NCT02126358,1
phase3_NCT02126839,1
phase3_NCT02127970,1
phase3_NCT02128763,1
phase3_NCT02128932,1
phase3_NCT02130557,1
phase3_NCT02131064,0
phase3_NCT02131233,1
phase3_NCT02131272,1
phase3_NCT02132637,1
phase3_NCT02132936,1
phase3_NCT02133105,1
phase3_NCT02133989,1
phase3_NCT02134015,0
phase3_NCT02134106,1
phase3_NCT02134210,1
phase3_NCT02134353,1
phase3_NCT02135029,1
phase3_NCT02135354,1
phase3_NCT02136134,1
phase3_NCT02136914,1
phase3_NCT02137343,1
phase3_NCT02137772,1
phase3_NCT02137837,0
phase3_NCT02138136,1
phase3_NCT02138916,1
phase3_NCT02139046,1
phase3_NCT02139098,0
phase3_NCT02139306,1
phase3_NCT02139644,1
phase3_NCT02141035,0
phase3_NCT02141399,1
phase3_NCT02141854,1
phase3_NCT02142738,0
phase3_NCT02143570,1
phase3_NCT02143713,1
phase3_NCT02144077,1
phase3_NCT02145182,1
phase3_NCT02145468,1
phase3_NCT02145988,1
phase3_NCT02146430,1
phase3_NCT02147158,1
phase3_NCT02147197,1
phase3_NCT02149108,1
phase3_NCT02149121,1
phase3_NCT02149199,1
phase3_NCT02151851,1
phase3_NCT02151981,1
phase3_NCT02152306,1
phase3_NCT02152371,1
phase3_NCT02152605,1
phase3_NCT02152631,0
phase3_NCT02152930,0
phase3_NCT02153632,1
phase3_NCT02155660,1
phase3_NCT02158533,1
phase3_NCT02158546,1
phase3_NCT02161185,1
phase3_NCT02161705,1
phase3_NCT02162771,1
phase3_NCT02163499,1
phase3_NCT02163824,1
phase3_NCT02164513,1
phase3_NCT02164864,1
phase3_NCT02165111,1
phase3_NCT02165397,1
phase3_NCT02165826,1
phase3_NCT02168491,1
phase3_NCT02168842,0
phase3_NCT02172040,1
phase3_NCT02173457,1
phase3_NCT02174094,1
phase3_NCT02174627,1
phase3_NCT02174731,1
phase3_NCT02175771,1
phase3_NCT02177266,0
phase3_NCT02178592,1
phase3_NCT02178956,0
phase3_NCT02179151,1
phase3_NCT02179658,1
phase3_NCT02180659,1
phase3_NCT02181413,1
phase3_NCT02181673,1
phase3_NCT02182778,1
phase3_NCT02182830,1
phase3_NCT02184195,0
phase3_NCT02184611,1
phase3_NCT02186171,1
phase3_NCT02186873,1
phase3_NCT02187809,1
phase3_NCT02189837,1
phase3_NCT02194933,1
phase3_NCT02195479,1
phase3_NCT02195700,1
phase3_NCT02196506,1
phase3_NCT02197221,1
phase3_NCT02200614,0
phase3_NCT02201459,1
phase3_NCT02201901,1
phase3_NCT02201940,1
phase3_NCT02201953,1
phase3_NCT02203032,1
phase3_NCT02203149,1
phase3_NCT02203838,1
phase3_NCT02203916,1
phase3_NCT02204982,0
phase3_NCT02207088,1
phase3_NCT02207231,1
phase3_NCT02207244,1
phase3_NCT02207374,1
phase3_NCT02207491,1
phase3_NCT02207621,1
phase3_NCT02207829,1
phase3_NCT02213744,1
phase3_NCT02215980,1
phase3_NCT02217267,1
phase3_NCT02218008,1
phase3_NCT02219477,1
phase3_NCT02219503,1
phase3_NCT02219932,1
phase3_NCT02220894,0
phase3_NCT02220907,1
phase3_NCT02220998,1
phase3_NCT02224157,1
phase3_NCT02224313,1
phase3_NCT02224560,1
phase3_NCT02224690,1
phase3_NCT02224703,1
phase3_NCT02225639,1
phase3_NCT02226003,1
phase3_NCT02226198,1
phase3_NCT02227238,1
phase3_NCT02227862,1
phase3_NCT02227875,1
phase3_NCT02229383,1
phase3_NCT02229396,1
phase3_NCT02229851,1
phase3_NCT02231086,0
phase3_NCT02231164,0
phase3_NCT02231749,0
phase3_NCT02234115,1
phase3_NCT02234843,1
phase3_NCT02239120,0
phase3_NCT02239926,1
phase3_NCT02240108,1
phase3_NCT02240121,1
phase3_NCT02242942,1
phase3_NCT02245022,1
phase3_NCT02245672,1
phase3_NCT02246621,0
phase3_NCT02247401,1
phase3_NCT02247687,1
phase3_NCT02247804,1
phase3_NCT02248480,1
phase3_NCT02249988,1
phase3_NCT02250391,1
phase3_NCT02250651,1
phase3_NCT02250807,1
phase3_NCT02251977,0
phase3_NCT02251990,1
phase3_NCT02252016,1
phase3_NCT02252042,1
phase3_NCT02252172,1
phase3_NCT02253173,1
phase3_NCT02253459,0
phase3_NCT02254265,1
phase3_NCT02254291,1
phase3_NCT02255370,0
phase3_NCT02255513,1
phase3_NCT02256215,1
phase3_NCT02256436,0
phase3_NCT02257385,1
phase3_NCT02260986,1
phase3_NCT02263326,0
phase3_NCT02264574,1
phase3_NCT02265705,1
phase3_NCT02266849,1
phase3_NCT02267343,0
phase3_NCT02268214,1
phase3_NCT02269917,1
phase3_NCT02272517,1
phase3_NCT02273050,1
phase3_NCT02273180,1
phase3_NCT02273765,1
phase3_NCT02274558,1
phase3_NCT02274766,1
phase3_NCT02275780,1
phase3_NCT02276209,1
phase3_NCT02276222,1
phase3_NCT02276482,1
phase3_NCT02277691,1
phase3_NCT02277743,1
phase3_NCT02277769,1
phase3_NCT02278120,0
phase3_NCT02279524,1
phase3_NCT02279953,1
phase3_NCT02279966,1
phase3_NCT02281318,1
phase3_NCT02281552,1
phase3_NCT02282020,0
phase3_NCT02282761,1
phase3_NCT02284516,1
phase3_NCT02284893,1
phase3_NCT02284906,1
phase3_NCT02285062,1
phase3_NCT02287584,1
phase3_NCT02288897,1
phase3_NCT02289963,1
phase3_NCT02291237,1
phase3_NCT02291549,1
phase3_NCT02291679,1
phase3_NCT02291861,1
phase3_NCT02292446,1
phase3_NCT02292667,1
phase3_NCT02293902,1
phase3_NCT02293915,0
phase3_NCT02294058,1
phase3_NCT02294461,0
phase3_NCT02294474,1
phase3_NCT02296125,0
phase3_NCT02296138,1
phase3_NCT02298192,1
phase3_NCT02300311,1
phase3_NCT02300558,1
phase3_NCT02301156,1
phase3_NCT02301975,1
phase3_NCT02302807,1
phase3_NCT02305381,1
phase3_NCT02305849,1
phase3_NCT02307682,1
phase3_NCT02308098,1
phase3_NCT02308163,1
phase3_NCT02313909,1
phase3_NCT02314117,1
phase3_NCT02314819,1
phase3_NCT02316899,1
phase3_NCT02318602,1
phase3_NCT02318706,1
phase3_NCT02319031,1
phase3_NCT02319187,0
phase3_NCT02320396,1
phase3_NCT02320721,1
phase3_NCT02322320,1
phase3_NCT02322593,1
phase3_NCT02324569,1
phase3_NCT02325466,1
phase3_NCT02325791,1
phase3_NCT02326220,1
phase3_NCT02327182,1
phase3_NCT02329834,1
phase3_NCT02332590,1
phase3_NCT02333071,1
phase3_NCT02335346,1
phase3_NCT02336750,1
phase3_NCT02337725,1
phase3_NCT02337738,1
phase3_NCT02338960,1
phase3_NCT02339116,1
phase3_NCT02339584,1
phase3_NCT02340221,0
phase3_NCT02343458,1
phase3_NCT02343926,1
phase3_NCT02344004,1
phase3_NCT02345161,1
phase3_NCT02345226,1
phase3_NCT02345252,1
phase3_NCT02346227,1
phase3_NCT02347657,1
phase3_NCT02347774,1
phase3_NCT02348489,1
phase3_NCT02348593,1
phase3_NCT02349295,1
phase3_NCT02351882,0
phase3_NCT02353871,1
phase3_NCT02354222,1
phase3_NCT02354352,1
phase3_NCT02355925,1
phase3_NCT02357069,1
phase3_NCT02357459,1
phase3_NCT02357901,1
phase3_NCT02358031,1
phase3_NCT02358044,1
phase3_NCT02362503,1
phase3_NCT02362594,1
phase3_NCT02362672,1
phase3_NCT02362984,1
phase3_NCT02363998,1
phase3_NCT02364947,1
phase3_NCT02364999,0
phase3_NCT02365493,1
phase3_NCT02366143,0
phase3_NCT02367781,1
phase3_NCT02369874,0
phase3_NCT02370498,1
phase3_NCT02371408,1
phase3_NCT02373202,1
phase3_NCT02376790,1
phase3_NCT02376985,0
phase3_NCT02378480,1
phase3_NCT02382276,1
phase3_NCT02383238,1
phase3_NCT02383966,0
phase3_NCT02384460,1
phase3_NCT02384941,1
phase3_NCT02387359,1
phase3_NCT02388724,1
phase3_NCT02388906,1
phase3_NCT02388919,0
phase3_NCT02389816,1
phase3_NCT02390219,1
phase3_NCT02392234,1
phase3_NCT02393859,1
phase3_NCT02395172,0
phase3_NCT02396316,1
phase3_NCT02397096,1
phase3_NCT02397473,1
phase3_NCT02401243,1
phase3_NCT02402530,1
phase3_NCT02403401,1
phase3_NCT02403674,1
phase3_NCT02404363,0
phase3_NCT02405039,1
phase3_NCT02405091,1
phase3_NCT02407236,1
phase3_NCT02409342,0
phase3_NCT02409355,1
phase3_NCT02411448,1
phase3_NCT02412111,1
phase3_NCT02412878,0
phase3_NCT02413398,1
phase3_NCT02414165,0
phase3_NCT02414854,1
phase3_NCT02414958,1
phase3_NCT02415127,1
phase3_NCT02417064,1
phase3_NCT02418585,1
phase3_NCT02419612,1
phase3_NCT02420262,1
phase3_NCT02420821,1
phase3_NCT02421510,1
phase3_NCT02421588,1
phase3_NCT02421939,1
phase3_NCT02422186,1
phase3_NCT02422446,1
phase3_NCT02422615,0
phase3_NCT02422797,1
phase3_NCT02425644,1
phase3_NCT02425891,1
phase3_NCT02426125,0
phase3_NCT02427802,1
phase3_NCT02427893,0
phase3_NCT02428088,1
phase3_NCT02429791,1
phase3_NCT02431247,1
phase3_NCT02434328,1
phase3_NCT02435303,1
phase3_NCT02435433,0
phase3_NCT02436096,1
phase3_NCT02436512,1
phase3_NCT02436668,0
phase3_NCT02437162,1
phase3_NCT02437318,1
phase3_NCT02438007,1
phase3_NCT02438722,0
phase3_NCT02438826,1
phase3_NCT02439320,1
phase3_NCT02441283,1
phase3_NCT02446405,1
phase3_NCT02446418,1
phase3_NCT02446717,1
phase3_NCT02446899,1
phase3_NCT02446912,1
phase3_NCT02447172,1
phase3_NCT02447276,1
phase3_NCT02449343,1
phase3_NCT02450890,1
phase3_NCT02451943,1
phase3_NCT02452047,1
phase3_NCT02452060,1
phase3_NCT02452190,1
phase3_NCT02452632,1
phase3_NCT02453256,1
phase3_NCT02453282,0
phase3_NCT02453386,1
phase3_NCT02453555,1
phase3_NCT02455362,1
phase3_NCT02456740,1
phase3_NCT02459080,1
phase3_NCT02460978,1
phase3_NCT02460991,0
phase3_NCT02462070,1
phase3_NCT02462122,1
phase3_NCT02462486,1
phase3_NCT02462811,1
phase3_NCT02462928,1
phase3_NCT02466425,1
phase3_NCT02469090,1
phase3_NCT02469155,1
phase3_NCT02469246,1
phase3_NCT02471183,1
phase3_NCT02472886,1
phase3_NCT02473198,1
phase3_NCT02474082,1
phase3_NCT02474290,1
phase3_NCT02474589,1
phase3_NCT02475629,1
phase3_NCT02475681,1
phase3_NCT02477618,1
phase3_NCT02477644,0
phase3_NCT02477800,1
phase3_NCT02477865,1
phase3_NCT02477969,1
phase3_NCT02478398,1
phase3_NCT02480712,1
phase3_NCT02481830,1
phase3_NCT02482753,0
phase3_NCT02483078,1
phase3_NCT02483585,1
phase3_NCT02483975,1
phase3_NCT02484001,1
phase3_NCT02484547,1
phase3_NCT02485067,1
phase3_NCT02486198,0
phase3_NCT02487030,1
phase3_NCT02487446,1
phase3_NCT02487498,1
phase3_NCT02488525,1
phase3_NCT02489227,1
phase3_NCT02489318,0
phase3_NCT02489461,1
phase3_NCT02489968,1
phase3_NCT02492620,0
phase3_NCT02493452,1
phase3_NCT02493764,1
phase3_NCT02493777,1
phase3_NCT02493868,1
phase3_NCT02494583,1
phase3_NCT02496078,1
phase3_NCT02496767,1
phase3_NCT02497287,1
phase3_NCT02497469,1
phase3_NCT02500706,1
phase3_NCT02501161,1
phase3_NCT02501629,1
phase3_NCT02502734,1
phase3_NCT02504008,1
phase3_NCT02504099,1
phase3_NCT02504268,1
phase3_NCT02504645,1
phase3_NCT02508649,0
phase3_NCT02512510,1
phase3_NCT02513160,1
phase3_NCT02513550,1
phase3_NCT02514473,1
phase3_NCT02514577,1
phase3_NCT02515097,1
phase3_NCT02516202,1
phase3_NCT02516410,1
phase3_NCT02517021,1
phase3_NCT02518139,1
phase3_NCT02520388,1
phase3_NCT02521181,0
phase3_NCT02521662,1
phase3_NCT02525874,1
phase3_NCT02527343,1
phase3_NCT02528214,1
phase3_NCT02531035,1
phase3_NCT02531438,1
phase3_NCT02532855,1
phase3_NCT02535351,0
phase3_NCT02544451,1
phase3_NCT02544763,1
phase3_NCT02545504,1
phase3_NCT02547935,1
phase3_NCT02549391,1
phase3_NCT02549417,1
phase3_NCT02550665,1
phase3_NCT02551874,1
phase3_NCT02553772,1
phase3_NCT02553915,1
phase3_NCT02554786,1
phase3_NCT02555215,1
phase3_NCT02555657,0
phase3_NCT02555878,0
phase3_NCT02556203,1
phase3_NCT02557035,1
phase3_NCT02558374,1
phase3_NCT02558400,1
phase3_NCT02559895,1
phase3_NCT02561078,1
phase3_NCT02561806,1
phase3_NCT02562651,0
phase3_NCT02564588,1
phase3_NCT02565147,1
phase3_NCT02566967,1
phase3_NCT02567279,1
phase3_NCT02567994,1
phase3_NCT02568839,1
phase3_NCT02569242,0
phase3_NCT02570490,1
phase3_NCT02571777,1
phase3_NCT02576509,1
phase3_NCT02576977,1
phase3_NCT02577003,1
phase3_NCT02577016,1
phase3_NCT02578680,0
phase3_NCT02579057,1
phase3_NCT02579681,1
phase3_NCT02579850,1
phase3_NCT02579863,1
phase3_NCT02580058,1
phase3_NCT02580591,1
phase3_NCT02582632,1
phase3_NCT02584504,1
phase3_NCT02585674,1
phase3_NCT02585713,1
phase3_NCT02585934,1
phase3_NCT02586025,0
phase3_NCT02586155,0
phase3_NCT02586350,0
phase3_NCT02586961,1
phase3_NCT02588261,0
phase3_NCT02594332,1
phase3_NCT02594371,0
phase3_NCT02596334,1
phase3_NCT02596893,1
phase3_NCT02597049,1
phase3_NCT02597803,1
phase3_NCT02597933,1
phase3_NCT02600325,1
phase3_NCT02600351,1
phase3_NCT02600494,1
phase3_NCT02600819,1
phase3_NCT02603107,1
phase3_NCT02603120,1
phase3_NCT02604017,1
phase3_NCT02604342,0
phase3_NCT02605174,1
phase3_NCT02605434,0
phase3_NCT02607306,1
phase3_NCT02607735,1
phase3_NCT02607800,1
phase3_NCT02607865,1
phase3_NCT02607930,1
phase3_NCT02607956,1
phase3_NCT02611817,1
phase3_NCT02611830,1
phase3_NCT02613507,1
phase3_NCT02613871,1
phase3_NCT02614183,1
phase3_NCT02614196,1
phase3_NCT02614261,1
phase3_NCT02616783,1
phase3_NCT02617485,1
phase3_NCT02617589,1
phase3_NCT02621892,1
phase3_NCT02621931,1
phase3_NCT02623738,1
phase3_NCT02625623,0
phase3_NCT02627963,1
phase3_NCT02629159,1
phase3_NCT02629861,1
phase3_NCT02629965,1
phase3_NCT02630706,1
phase3_NCT02631551,1
phase3_NCT02631876,1
phase3_NCT02634346,1
phase3_NCT02634580,1
phase3_NCT02634788,1
phase3_NCT02634801,1
phase3_NCT02635204,1
phase3_NCT02636595,1
phase3_NCT02637960,1
phase3_NCT02638805,1
phase3_NCT02639247,1
phase3_NCT02639338,1
phase3_NCT02639520,1
phase3_NCT02639533,1
phase3_NCT02640157,1
phase3_NCT02641730,1
phase3_NCT02642432,1
phase3_NCT02643420,0
phase3_NCT02648204,1
phase3_NCT02648217,1
phase3_NCT02651428,1
phase3_NCT02651584,1
phase3_NCT02652806,1
phase3_NCT02652819,1
phase3_NCT02654054,1
phase3_NCT02654665,1
phase3_NCT02655016,0
phase3_NCT02660138,1
phase3_NCT02660359,1
phase3_NCT02660905,1
phase3_NCT02662569,1
phase3_NCT02664077,0
phase3_NCT02665273,1
phase3_NCT02666664,1
phase3_NCT02667938,1
phase3_NCT02670083,1
phase3_NCT02670538,1
phase3_NCT02670551,1
phase3_NCT02670915,1
phase3_NCT02671500,1
phase3_NCT02672111,1
phase3_NCT02672592,1
phase3_NCT02672852,1
phase3_NCT02674854,1
phase3_NCT02675426,1
phase3_NCT02677896,1
phase3_NCT02679573,0
phase3_NCT02680756,1
phase3_NCT02681094,1
phase3_NCT02682927,1
phase3_NCT02683746,1
phase3_NCT02684006,0
phase3_NCT02684357,1
phase3_NCT02684370,1
phase3_NCT02686138,1
phase3_NCT02688400,1
phase3_NCT02688556,1
phase3_NCT02689180,0
phase3_NCT02691494,1
phase3_NCT02692703,1
phase3_NCT02692716,1
phase3_NCT02694328,1
phase3_NCT02694523,1
phase3_NCT02694978,1
phase3_NCT02695719,1
phase3_NCT02696785,1
phase3_NCT02696798,1
phase3_NCT02699385,1
phase3_NCT02700815,1
phase3_NCT02701764,1
phase3_NCT02702401,1
phase3_NCT02703961,0
phase3_NCT02706847,1
phase3_NCT02706873,1
phase3_NCT02706951,1
phase3_NCT02707861,1
phase3_NCT02707952,1
phase3_NCT02709486,1
phase3_NCT02709538,1
phase3_NCT02713178,1
phase3_NCT02713230,1
phase3_NCT02713282,1
phase3_NCT02716285,0
phase3_NCT02716818,1
phase3_NCT02717195,1
phase3_NCT02718326,1
phase3_NCT02718417,1
phase3_NCT02718898,1
phase3_NCT02720523,1
phase3_NCT02721966,1
phase3_NCT02722603,1
phase3_NCT02722837,1
phase3_NCT02725008,1
phase3_NCT02725372,1
phase3_NCT02727751,1
phase3_NCT02727881,1
phase3_NCT02727907,1
phase3_NCT02729051,1
phase3_NCT02729909,1
phase3_NCT02734693,1
phase3_NCT02737501,1
phase3_NCT02738138,1
phase3_NCT02738333,1
phase3_NCT02738632,1
phase3_NCT02738879,1
phase3_NCT02739984,1
phase3_NCT02741245,1
phase3_NCT02742519,1
phase3_NCT02743234,1
phase3_NCT02744196,1
phase3_NCT02745392,1
phase3_NCT02749994,1
phase3_NCT02750293,1
phase3_NCT02750306,1
phase3_NCT02752074,1
phase3_NCT02752412,1
phase3_NCT02752880,1
phase3_NCT02754882,1
phase3_NCT02755597,0
phase3_NCT02755649,1
phase3_NCT02757352,0
phase3_NCT02762578,1
phase3_NCT02762838,1
phase3_NCT02763579,1
phase3_NCT02766335,0
phase3_NCT02766777,1
phase3_NCT02773368,1
phase3_NCT02774187,0
phase3_NCT02775006,0
phase3_NCT02775435,0
phase3_NCT02777229,0
phase3_NCT02777931,1
phase3_NCT02779959,1
phase3_NCT02783573,0
phase3_NCT02783729,1
phase3_NCT02785666,1
phase3_NCT02785900,1
phase3_NCT02785939,1
phase3_NCT02787083,0
phase3_NCT02787551,1
phase3_NCT02788279,0
phase3_NCT02789033,1
phase3_NCT02791490,1
phase3_NCT02792218,1
phase3_NCT02792231,1
phase3_NCT02792699,1
phase3_NCT02793817,1
phase3_NCT02794792,1
phase3_NCT02796677,1
phase3_NCT02797132,1
phase3_NCT02801617,1
phase3_NCT02802345,1
phase3_NCT02805452,1
phase3_NCT02806141,1
phase3_NCT02807064,1
phase3_NCT02809105,1
phase3_NCT02813265,1
phase3_NCT02814643,1
phase3_NCT02815709,1
phase3_NCT02817828,1
phase3_NCT02817841,1
phase3_NCT02819284,1
phase3_NCT02820324,1
phase3_NCT02822742,1
phase3_NCT02825251,1
phase3_NCT02827708,1
phase3_NCT02831673,1
phase3_NCT02831764,1
phase3_NCT02832570,1
phase3_NCT02836873,1
phase3_NCT02842086,1
phase3_NCT02849080,1
phase3_NCT02849951,1
phase3_NCT02853331,1
phase3_NCT02858453,1
phase3_NCT02863328,1
phase3_NCT02863419,1
phase3_NCT02863718,1
phase3_NCT02865122,1
phase3_NCT02866175,0
phase3_NCT02870205,1
phase3_NCT02870790,1
phase3_NCT02872103,0
phase3_NCT02873221,1
phase3_NCT02873689,1
phase3_NCT02873936,1
phase3_NCT02875834,1
phase3_NCT02876900,1
phase3_NCT02877927,1
phase3_NCT02885636,1
phase3_NCT02886702,1
phase3_NCT02886728,1
phase3_NCT02888444,1
phase3_NCT02889549,1
phase3_NCT02889796,1
phase3_NCT02890173,1
phase3_NCT02892344,1
phase3_NCT02896127,1
phase3_NCT02896205,1
phase3_NCT02896855,0
phase3_NCT02897219,1
phase3_NCT02898454,1
phase3_NCT02903251,1
phase3_NCT02905331,1
phase3_NCT02906722,1
phase3_NCT02906930,1
phase3_NCT02911948,1
phase3_NCT02912468,1
phase3_NCT02913326,1
phase3_NCT02914509,1
phase3_NCT02916056,1
phase3_NCT02916602,1
phase3_NCT02923921,0
phase3_NCT02924688,1
phase3_NCT02926898,1
phase3_NCT02926950,1
phase3_NCT02929394,0
phase3_NCT02932943,1
phase3_NCT02933814,1
phase3_NCT02934061,1
phase3_NCT02938520,1
phase3_NCT02940860,1
phase3_NCT02940886,1
phase3_NCT02942004,1
phase3_NCT02942017,1
phase3_NCT02942576,1
phase3_NCT02943564,1
phase3_NCT02943577,1
phase3_NCT02945046,1
phase3_NCT02946073,1
phase3_NCT02949011,1
phase3_NCT02951052,1
phase3_NCT02952820,1
phase3_NCT02953340,0
phase3_NCT02954159,1
phase3_NCT02954354,1
phase3_NCT02956486,1
phase3_NCT02960217,1
phase3_NCT02963922,1
phase3_NCT02963935,1
phase3_NCT02964247,1
phase3_NCT02964338,1
phase3_NCT02965378,1
phase3_NCT02970292,1
phase3_NCT02970318,0
phase3_NCT02973503,1
phase3_NCT02973737,0
phase3_NCT02974907,1
phase3_NCT02978326,1
phase3_NCT02979197,1
phase3_NCT02979613,1
phase3_NCT02980874,1
phase3_NCT02985983,1
phase3_NCT02987543,1
phase3_NCT02988115,1
phase3_NCT02990546,1
phase3_NCT02991118,1
phase3_NCT02993731,0
phase3_NCT02996682,1
phase3_NCT02997501,0
phase3_NCT02999178,1
phase3_NCT03001076,1
phase3_NCT03003000,1
phase3_NCT03004625,1
phase3_NCT03006276,1
phase3_NCT03009019,1
phase3_NCT03009136,1
phase3_NCT03017508,1
phase3_NCT03018028,1
phase3_NCT03020082,1
phase3_NCT03021187,1
phase3_NCT03022838,1
phase3_NCT03028740,1
phase3_NCT03032380,0
phase3_NCT03033511,0
phase3_NCT03034772,1
phase3_NCT03039192,1
phase3_NCT03042611,0
phase3_NCT03046446,1
phase3_NCT03049735,1
phase3_NCT03051607,1
phase3_NCT03053050,1
phase3_NCT03053063,1
phase3_NCT03053388,1
phase3_NCT03054428,1
phase3_NCT03061812,0
phase3_NCT03062462,1
phase3_NCT03066609,1
phase3_NCT03068754,1
phase3_NCT03073200,1
phase3_NCT03074331,1
phase3_NCT03078478,1
phase3_NCT03081208,1
phase3_NCT03086330,1
phase3_NCT03088267,1
phase3_NCT03090100,1
phase3_NCT03091673,1
phase3_NCT03092375,1
phase3_NCT03093324,1
phase3_NCT03095456,1
phase3_NCT03097133,0
phase3_NCT03097861,1
phase3_NCT03102606,0
phase3_NCT03103087,1
phase3_NCT03107026,1
phase3_NCT03108664,1
phase3_NCT03108729,1
phase3_NCT03110380,1
phase3_NCT03114657,1
phase3_NCT03115112,1
phase3_NCT03117569,1
phase3_NCT03122262,1
phase3_NCT03123471,1
phase3_NCT03136484,1
phase3_NCT03137173,1
phase3_NCT03151408,1
phase3_NCT03158688,1
phase3_NCT03160521,1
phase3_NCT03162055,1
phase3_NCT03169335,0
phase3_NCT03172325,1
phase3_NCT03184415,1
phase3_NCT03186365,1
phase3_NCT03191396,1
phase3_NCT03201601,1
phase3_NCT03201900,1
phase3_NCT03214367,1
phase3_NCT03214380,1
phase3_NCT03225248,1
phase3_NCT03235479,1
phase3_NCT03237481,1
phase3_NCT03237845,1
phase3_NCT03241472,1
phase3_NCT03242018,1
phase3_NCT03243305,1
phase3_NCT03249181,1
phase3_NCT03249376,1
phase3_NCT03251859,1
phase3_NCT03252353,1
phase3_NCT03253887,1
phase3_NCT03254186,1
phase3_NCT03255330,1
phase3_NCT03256422,1
phase3_NCT03257813,1
phase3_NCT03257865,1
phase3_NCT03259555,1
phase3_NCT03261999,1
phase3_NCT03265132,1
phase3_NCT03268005,1
phase3_NCT03273153,0
phase3_NCT03290053,0
phase3_NCT03290378,1
phase3_NCT03292809,1
phase3_NCT03295721,1
phase3_NCT03299049,1
phase3_NCT03300609,0
phase3_NCT03303521,1
phase3_NCT03306264,1
phase3_NCT03308799,1
phase3_NCT03308968,1
phase3_NCT03332069,0
phase3_NCT03334396,1
phase3_NCT03334422,1
phase3_NCT03345914,1
phase3_NCT03345979,1
phase3_NCT03349060,1
phase3_NCT03349333,0
phase3_NCT03353753,1
phase3_NCT03369704,1
phase3_NCT03378635,1
phase3_NCT03397121,1
phase3_NCT03399370,1
phase3_NCT03399786,1
phase3_NCT03400800,1
phase3_NCT03402204,1
phase3_NCT03403712,1
phase3_NCT03404752,0
phase3_NCT03405935,1
phase3_NCT03409679,1
phase3_NCT03421379,1
phase3_NCT03433677,1
phase3_NCT03434119,1
phase3_NCT03435302,0
phase3_NCT03439072,1
phase3_NCT03446573,1
phase3_NCT03447249,1
phase3_NCT03460990,1
phase3_NCT03461757,1
phase3_NCT03463031,1
phase3_NCT03463707,1
phase3_NCT03469947,1
phase3_NCT03492281,1
phase3_NCT03493568,1
phase3_NCT03525444,1
phase3_NCT03525548,1
phase3_NCT03551210,1
phase3_NCT03559062,1
phase3_NCT03559257,1
phase3_NCT03573908,1
phase3_NCT03575702,1
phase3_NCT03575871,1
phase3_NCT03582007,1
phase3_NCT03629184,1
phase3_NCT03642145,1
phase3_NCT03663374,1
phase3_NCT03667053,1
phase3_NCT03688711,1
phase3_NCT03714672,1
phase3_NCT03716050,0
phase3_NCT03733301,1
phase3_NCT03907072,1
phase3_NCT04060888,1
phase3_NCT04341727,1
